Título,Link,Localização,Empresa,Data,DataExtracao
Analista de Materiais Jr,https://www.linkedin.com/jobs/view/4303216240/?eBP=NON_CHARGEABLE_CHANNEL&refId=SEAL%2Fe4nRvajMBl%2FtG6aXg%3D%3D&trackingId=4GN%2BhJE1i0K0n7JB8%2FcjfA%3D%3D&trk=flagship3_search_srp_jobs,"Paranaíba, Mato Grosso do Sul, Brasil (Presencial)",Arauco,,2025-09-29 18:32:55.824696
Supervisor (a) Florestal - Proteção Florestal,https://www.linkedin.com/jobs/view/4305681277/?eBP=NON_CHARGEABLE_CHANNEL&refId=SEAL%2Fe4nRvajMBl%2FtG6aXg%3D%3D&trackingId=M6Jd2qUgpShoAs6v4J3D9w%3D%3D&trk=flagship3_search_srp_jobs,"Paranaíba, Mato Grosso do Sul, Brasil (Presencial)",Arauco,2025-09-24 18:32:06.250101,2025-09-29 18:32:56.466323
Analista de suporte de TI,https://www.linkedin.com/jobs/view/4306794299/?eBP=NON_CHARGEABLE_CHANNEL&refId=SEAL%2Fe4nRvajMBl%2FtG6aXg%3D%3D&trackingId=9QNrLjKxS5GdzjoUlxyxRg%3D%3D&trk=flagship3_search_srp_jobs,"Araucária, Paraná, Brasil (Presencial)",Arauco,2025-09-26 18:32:06.250101,2025-09-29 18:32:57.245310
Assistente Administrativo(a) Sr. TI,https://www.linkedin.com/jobs/view/4306264652/?eBP=NON_CHARGEABLE_CHANNEL&refId=SEAL%2Fe4nRvajMBl%2FtG6aXg%3D%3D&trackingId=hFnkqu5VrjyfGHSl8%2FxAYQ%3D%3D&trk=flagship3_search_srp_jobs,"Curitiba, Paraná, Brasil (Presencial)",Arauco,2025-09-26 18:32:06.250101,2025-09-29 18:32:57.818639
Técnico (a) de Excelência Operacional - Florestal,https://www.linkedin.com/jobs/view/4300073823/?eBP=NON_CHARGEABLE_CHANNEL&refId=SEAL%2Fe4nRvajMBl%2FtG6aXg%3D%3D&trackingId=QPAJi9Go35w0RfOElV%2BofA%3D%3D&trk=flagship3_search_srp_jobs,"Três Lagoas, Mato Grosso do Sul, Brasil (Presencial)",Arauco,2025-09-15 18:32:06.250101,2025-09-29 18:32:58.417767
Auxiliar Administrativo (PCD),https://www.linkedin.com/jobs/view/4283781012/?eBP=NON_CHARGEABLE_CHANNEL&refId=SEAL%2Fe4nRvajMBl%2FtG6aXg%3D%3D&trackingId=7Bd%2FowHfXYZv2otM0zav0g%3D%3D&trk=flagship3_search_srp_jobs,"Jaguariaíva, Paraná, Brasil (Presencial)",Arauco,2025-09-08 18:32:06.250101,2025-09-29 18:32:58.960497
Especialista de Melhoramento Genético e Genética Quantitativa,https://www.linkedin.com/jobs/view/4297576945/?eBP=NON_CHARGEABLE_CHANNEL&refId=SEAL%2Fe4nRvajMBl%2FtG6aXg%3D%3D&trackingId=TGqDkIESVddnSr3L6FYE2A%3D%3D&trk=flagship3_search_srp_jobs,"Três Lagoas, Mato Grosso do Sul, Brasil (Híbrido)",Arauco,2025-09-08 18:32:06.250101,2025-09-29 18:32:59.760563
Operador de Produção de Painéis I (PCD),https://www.linkedin.com/jobs/view/4298908126/?eBP=NON_CHARGEABLE_CHANNEL&refId=SEAL%2Fe4nRvajMBl%2FtG6aXg%3D%3D&trackingId=nPfBBhpw75%2FIMcsp0%2BAMCw%3D%3D&trk=flagship3_search_srp_jobs,"Montenegro, Rio Grande do Sul, Brasil (Presencial)",Arauco,2025-09-15 18:32:06.250101,2025-09-29 18:33:00.359791
Analista de PPCM,https://www.linkedin.com/jobs/view/4295408622/?eBP=NON_CHARGEABLE_CHANNEL&refId=SEAL%2Fe4nRvajMBl%2FtG6aXg%3D%3D&trackingId=Q7CCWE1r%2FRM3jNMEcRfUxQ%3D%3D&trk=flagship3_search_srp_jobs,"Jaguariaíva, Paraná, Brasil (Presencial)",Arauco,2025-09-08 18:32:06.250101,2025-09-29 18:33:00.914991
Supervisora(or) de Orçamentos e Custos,https://www.linkedin.com/jobs/view/4297587889/?eBP=NON_CHARGEABLE_CHANNEL&refId=SEAL%2Fe4nRvajMBl%2FtG6aXg%3D%3D&trackingId=bXOn85EbBzY6fZb80FhOXw%3D%3D&trk=flagship3_search_srp_jobs,"Santos, São Paulo, Brasil (Presencial)",Arauco,2025-09-08 18:32:06.250101,2025-09-29 18:33:01.449489
ESPECIALISTA EM SEGURANÇA DO TRABALHO,https://www.linkedin.com/jobs/view/4302071156/?eBP=NON_CHARGEABLE_CHANNEL&refId=SEAL%2Fe4nRvajMBl%2FtG6aXg%3D%3D&trackingId=6k0fYlJqSaOkUjWZ7BuXJg%3D%3D&trk=flagship3_search_srp_jobs,"Inocência, Mato Grosso do Sul, Brasil (Presencial)",Arauco,2025-09-22 18:32:06.250101,2025-09-29 18:33:02.162478
Analista de Responsabilidade Social e Institucional Pleno,https://www.linkedin.com/jobs/view/4306218285/?eBP=NON_CHARGEABLE_CHANNEL&refId=SEAL%2Fe4nRvajMBl%2FtG6aXg%3D%3D&trackingId=37kEEM%2BCZeOPOkfaawXjwQ%3D%3D&trk=flagship3_search_srp_jobs,"Chapadão do Sul, Mato Grosso do Sul, Brasil (Presencial)",Arauco,2025-09-25 18:32:06.250101,2025-09-29 18:33:02.639918
Técnico(a) em Enfermagem do Trabalho,https://www.linkedin.com/jobs/view/4299571210/?eBP=NON_CHARGEABLE_CHANNEL&refId=SEAL%2Fe4nRvajMBl%2FtG6aXg%3D%3D&trackingId=JD5Eq0jbZCbZoixuoOzSHw%3D%3D&trk=flagship3_search_srp_jobs,"Piên, Paraná, Brasil (Presencial)",Arauco,2025-09-22 18:32:06.250101,2025-09-29 18:33:03.213217
Supervisor (a) Florestal II (Ênfase em Estradas),https://www.linkedin.com/jobs/view/4303206115/?eBP=NON_CHARGEABLE_CHANNEL&refId=SEAL%2Fe4nRvajMBl%2FtG6aXg%3D%3D&trackingId=s1E43DBXEtFSRkCexIz1tQ%3D%3D&trk=flagship3_search_srp_jobs,"Inocência, Mato Grosso do Sul, Brasil (Presencial)",Arauco,2025-09-22 18:32:06.250101,2025-09-29 18:33:03.813998
Técnico de Automação,https://www.linkedin.com/jobs/view/4295024031/?eBP=NON_CHARGEABLE_CHANNEL&refId=SEAL%2Fe4nRvajMBl%2FtG6aXg%3D%3D&trackingId=hCSp8d44xc18WyyymwQGNA%3D%3D&trk=flagship3_search_srp_jobs,"Jaguariaíva, Paraná, Brasil (Presencial)",Arauco,2025-09-08 18:32:06.250101,2025-09-29 18:33:04.466863
Vaga Afirmativa para Pessoas com Deficiência - Jaguriaíva/PR,https://www.linkedin.com/jobs/view/4269585824/?eBP=NON_CHARGEABLE_CHANNEL&refId=SEAL%2Fe4nRvajMBl%2FtG6aXg%3D%3D&trackingId=cbjJrOA3fdWOMMWAqDe3fg%3D%3D&trk=flagship3_search_srp_jobs,"Jaguariaíva, Paraná, Brasil (Presencial)",Arauco,2025-09-08 18:32:06.250101,2025-09-29 18:33:04.908708
Supervisor (a) de Biofábrica,https://www.linkedin.com/jobs/view/4294101381/?eBP=NON_CHARGEABLE_CHANNEL&refId=SEAL%2Fe4nRvajMBl%2FtG6aXg%3D%3D&trackingId=klUVVmJNmps3ycknE1qDTA%3D%3D&trk=flagship3_search_srp_jobs,"Três Lagoas, Mato Grosso do Sul, Brasil (Presencial)",Arauco,2025-09-01 18:32:06.250101,2025-09-29 18:33:05.584360
Técnico(a) de Manutenção Mecânica Jr,https://www.linkedin.com/jobs/view/4281066428/?eBP=NON_CHARGEABLE_CHANNEL&refId=SEAL%2Fe4nRvajMBl%2FtG6aXg%3D%3D&trackingId=%2FWKWsQwt3GiGvYX9Bu6fjg%3D%3D&trk=flagship3_search_srp_jobs,"Jaguariaíva, Paraná, Brasil (Presencial)",Arauco,2025-09-08 18:32:06.250101,2025-09-29 18:33:06.269157
Técnico de Manutenção Elétrica,https://www.linkedin.com/jobs/view/4294398034/?eBP=NON_CHARGEABLE_CHANNEL&refId=SEAL%2Fe4nRvajMBl%2FtG6aXg%3D%3D&trackingId=bSFB7AQLDJ1aRkEy1xB7vA%3D%3D&trk=flagship3_search_srp_jobs,"Jaguariaíva, Paraná, Brasil (Presencial)",Arauco,2025-09-08 18:32:06.250101,2025-09-29 18:33:06.908650
Assistente Administrativo - Vaga Afirmativa: Pessoas com Deficiência,https://www.linkedin.com/jobs/view/4303424023/?eBP=NON_CHARGEABLE_CHANNEL&refId=Hnv0BHK4gWe8%2BUHJNIqxlQ%3D%3D&trackingId=fO2gZ2oD5fNrWwc7aue2xA%3D%3D&trk=flagship3_search_srp_jobs,"Lençóis Paulista, São Paulo, Brasil (Presencial)",Bracell,,2025-09-29 18:34:00.307756
Banco de Talentos,https://www.linkedin.com/jobs/view/4254890526/?eBP=NON_CHARGEABLE_CHANNEL&refId=Hnv0BHK4gWe8%2BUHJNIqxlQ%3D%3D&trackingId=Cw6r6Fggoo%2FxvIUSwreUHw%3D%3D&trk=flagship3_search_srp_jobs,"Alagoinhas, Bahia, Brasil (Presencial)",Bracell,2025-09-22 18:32:06.250101,2025-09-29 18:34:00.826857
Assistente de Operações de RH,https://www.linkedin.com/jobs/view/4288383758/?eBP=NON_CHARGEABLE_CHANNEL&refId=Hnv0BHK4gWe8%2BUHJNIqxlQ%3D%3D&trackingId=P595Ra1UWuR8VkAiBgaU6A%3D%3D&trk=flagship3_search_srp_jobs,"Campinas, São Paulo, Brasil (Presencial)",Bracell,2025-09-15 18:32:06.250101,2025-09-29 18:34:01.196018
Analista de Controladoria,https://www.linkedin.com/jobs/view/4306253042/?eBP=NON_CHARGEABLE_CHANNEL&refId=Hnv0BHK4gWe8%2BUHJNIqxlQ%3D%3D&trackingId=8CUxDFgnERzdXiNHQXG9aw%3D%3D&trk=flagship3_search_srp_jobs,"Lençóis Paulista, São Paulo, Brasil (Presencial)",Bracell,2025-09-25 18:32:06.250101,2025-09-29 18:34:01.857974
Analista de Seguranca de Processos JR,https://www.linkedin.com/jobs/view/4288800620/?eBP=NON_CHARGEABLE_CHANNEL&refId=Hnv0BHK4gWe8%2BUHJNIqxlQ%3D%3D&trackingId=UXlNS0tKyfaTf2wkaY4AuQ%3D%3D&trk=flagship3_search_srp_jobs,"Camaçari, Bahia, Brasil (Presencial)",Bracell,2025-09-22 18:32:06.250101,2025-09-29 18:34:02.371926
Auxiliar Topografia,https://www.linkedin.com/jobs/view/4305365650/?eBP=NON_CHARGEABLE_CHANNEL&refId=Hnv0BHK4gWe8%2BUHJNIqxlQ%3D%3D&trackingId=kBKenRflB6YU11cqr5Ze4w%3D%3D&trk=flagship3_search_srp_jobs,"Bataguassu, Mato Grosso do Sul, Brasil (Presencial)",Bracell,,2025-09-29 18:34:02.912697
Banco de Talentos - Pessoa com Deficiência,https://www.linkedin.com/jobs/view/4297615310/?eBP=NON_CHARGEABLE_CHANNEL&refId=Hnv0BHK4gWe8%2BUHJNIqxlQ%3D%3D&trackingId=uSCSNYW4VPIn8xPuBOUerg%3D%3D&trk=flagship3_search_srp_jobs,"Lençóis Paulista, São Paulo, Brasil (Presencial)",Bracell,2025-09-08 18:32:06.250101,2025-09-29 18:34:03.369746
Auxiliar de Topografia,https://www.linkedin.com/jobs/view/4305372026/?eBP=NON_CHARGEABLE_CHANNEL&refId=Hnv0BHK4gWe8%2BUHJNIqxlQ%3D%3D&trackingId=XjWD1fyspm4VU8evdON7tA%3D%3D&trk=flagship3_search_srp_jobs,"Bataguassu, Mato Grosso do Sul, Brasil (Presencial)",Bracell,,2025-09-29 18:34:03.955890
Analista Fiscal,https://www.linkedin.com/jobs/view/4289108350/?eBP=NON_CHARGEABLE_CHANNEL&refId=Hnv0BHK4gWe8%2BUHJNIqxlQ%3D%3D&trackingId=52knnO1Wzdhf%2BCcbHOJ8bQ%3D%3D&trk=flagship3_search_srp_jobs,"Campinas, São Paulo, Brasil (Presencial)",Bracell,2025-09-15 18:32:06.250101,2025-09-29 18:34:04.455761
Técnico(a) Planejamento Controle Florestal Pleno,https://www.linkedin.com/jobs/view/4305355936/?eBP=NON_CHARGEABLE_CHANNEL&refId=Hnv0BHK4gWe8%2BUHJNIqxlQ%3D%3D&trackingId=wxSe%2Bc%2Bg%2BxxrwLZSg1jyJQ%3D%3D&trk=flagship3_search_srp_jobs,"Bataguassu, Mato Grosso do Sul, Brasil (Presencial)",Bracell,,2025-09-29 18:34:04.882830
Comprador(a),https://www.linkedin.com/jobs/view/4304211039/?eBP=NON_CHARGEABLE_CHANNEL&refId=Hnv0BHK4gWe8%2BUHJNIqxlQ%3D%3D&trackingId=yHagLfC4i6k%2BePtlUDDiVw%3D%3D&trk=flagship3_search_srp_jobs,"Lençóis Paulista, São Paulo, Brasil (Presencial)",Bracell,2025-09-26 18:32:06.250101,2025-09-29 18:34:05.397468
Especialista Silvicultura - Central de Operações Integradas,https://www.linkedin.com/jobs/view/4302386814/?eBP=NON_CHARGEABLE_CHANNEL&refId=Hnv0BHK4gWe8%2BUHJNIqxlQ%3D%3D&trackingId=RGaaj%2Bond8dTSamha2yGBQ%3D%3D&trk=flagship3_search_srp_jobs,"Bataguassu, Mato Grosso do Sul, Brasil (Presencial)",Bracell,2025-09-22 18:32:06.250101,2025-09-29 18:34:05.827478
Analista Fiscal,https://www.linkedin.com/jobs/view/4289106470/?eBP=NON_CHARGEABLE_CHANNEL&refId=Hnv0BHK4gWe8%2BUHJNIqxlQ%3D%3D&trackingId=ZLQfg8eW4m2%2BYg0q2D8n%2BA%3D%3D&trk=flagship3_search_srp_jobs,"Campinas, São Paulo, Brasil (Presencial)",Bracell,2025-09-15 18:32:06.250101,2025-09-29 18:34:06.340375
Cadastro Inclusivo de Talentos - PCD | Mato Grosso do Sul,https://www.linkedin.com/jobs/view/4258099242/?eBP=NON_CHARGEABLE_CHANNEL&refId=Hnv0BHK4gWe8%2BUHJNIqxlQ%3D%3D&trackingId=mLOjS9fPUBpKSFzXF52kRQ%3D%3D&trk=flagship3_search_srp_jobs,"Mato Grosso do Sul, Brasil (Presencial)",Bracell,2025-09-22 18:32:06.250101,2025-09-29 18:34:06.833826
Banco de Talentos - Operador de Maquina de Colheita - BA,https://www.linkedin.com/jobs/view/4254887719/?eBP=NON_CHARGEABLE_CHANNEL&refId=Hnv0BHK4gWe8%2BUHJNIqxlQ%3D%3D&trackingId=AlR%2Bc1MNOM7ncMVRqNSywg%3D%3D&trk=flagship3_search_srp_jobs,"Alagoinhas, Bahia, Brasil (Presencial)",Bracell,2025-09-22 18:32:06.250101,2025-09-29 18:34:07.386666
AN INFORMACOES FLORESTAIS II,https://www.linkedin.com/jobs/view/4304250364/?eBP=NON_CHARGEABLE_CHANNEL&refId=Hnv0BHK4gWe8%2BUHJNIqxlQ%3D%3D&trackingId=LMkCcMwOV9QTc2nbjVRCVg%3D%3D&trk=flagship3_search_srp_jobs,"Água Clara, Mato Grosso do Sul, Brasil (Presencial)",Bracell,2025-09-26 18:32:06.250101,2025-09-29 18:34:07.825367
TÉCNICA OU TÉCNICO DE PLANEJAMENTO FLORESTAL,https://www.linkedin.com/jobs/view/4302346008/?eBP=NON_CHARGEABLE_CHANNEL&refId=zyB2UBCaCOV0dCcQ%2BBp8Og%3D%3D&trackingId=17J9ctSrOc8XOufs3aZppw%3D%3D&trk=flagship3_search_srp_jobs,"Prata, Minas Gerais, Brasil (Presencial)",LD Celulose,2025-09-22 18:32:06.250101,2025-09-29 18:34:47.286031
Ajudante Geral - Planta de Compostagem,https://www.linkedin.com/jobs/view/4292234476/?eBP=NON_CHARGEABLE_CHANNEL&refId=zyB2UBCaCOV0dCcQ%2BBp8Og%3D%3D&trackingId=tmtFFP8PaDC3504C1gEQSA%3D%3D&trk=flagship3_search_srp_jobs,"Indianópolis, Minas Gerais, Brasil (Presencial)",LD Celulose,2025-09-08 18:32:06.250101,2025-09-29 18:34:47.765053
Analista de Laboratório Sr,https://www.linkedin.com/jobs/view/4302325848/?eBP=NON_CHARGEABLE_CHANNEL&refId=zyB2UBCaCOV0dCcQ%2BBp8Og%3D%3D&trackingId=QZDZUTDO%2Ff4PZVRrhNWuvw%3D%3D&trk=flagship3_search_srp_jobs,"Indianópolis, Minas Gerais, Brasil (Presencial)",LD Celulose,2025-09-22 18:32:06.250101,2025-09-29 18:34:48.148363
Enfermeira ou Enfermeiro do Trabalho,https://www.linkedin.com/jobs/view/4302325847/?eBP=NON_CHARGEABLE_CHANNEL&refId=zyB2UBCaCOV0dCcQ%2BBp8Og%3D%3D&trackingId=nHgqQBQL0IxfVoEBOjeKtA%3D%3D&trk=flagship3_search_srp_jobs,"Indianópolis, Minas Gerais, Brasil (Presencial)",LD Celulose,2025-09-22 18:32:06.250101,2025-09-29 18:34:48.793748
Tratorista - Compostagem,https://www.linkedin.com/jobs/view/4292232512/?eBP=NON_CHARGEABLE_CHANNEL&refId=zyB2UBCaCOV0dCcQ%2BBp8Og%3D%3D&trackingId=0jEzDzp4qO2%2B2XZ3V%2Fr5RQ%3D%3D&trk=flagship3_search_srp_jobs,"Indianópolis, Minas Gerais, Brasil (Presencial)",LD Celulose,2025-09-08 18:32:06.250101,2025-09-29 18:34:49.310758
Auxiliar de Produção,https://www.linkedin.com/jobs/view/4306242232/?eBP=NON_CHARGEABLE_CHANNEL&refId=gNl1TTAH5i6HnWL5%2Fo95Sg%3D%3D&trackingId=iw86%2FIMQVckg%2BoJSkCtkIg%3D%3D&trk=flagship3_search_srp_jobs,"Campos Novos, Santa Catarina, Brasil (Presencial)",CMPC,2025-09-25 18:32:06.250101,2025-09-29 18:35:33.499329
Banco de Talentos CMPC - Piraí do Sul/Pr,https://www.linkedin.com/jobs/view/4301775682/?eBP=NON_CHARGEABLE_CHANNEL&refId=gNl1TTAH5i6HnWL5%2Fo95Sg%3D%3D&trackingId=7Df0XyyhXuwuZNbAzuP%2BHA%3D%3D&trk=flagship3_search_srp_jobs,"Piraí do Sul, Paraná, Brasil (Presencial)",CMPC,2025-09-22 18:32:06.250101,2025-09-29 18:35:34.185340
Jovem Aprendiz - Educação Corporativa,https://www.linkedin.com/jobs/view/4301551364/?eBP=NON_CHARGEABLE_CHANNEL&refId=gNl1TTAH5i6HnWL5%2Fo95Sg%3D%3D&trackingId=7Z9A4njq73h50%2Fd9OQ1Veg%3D%3D&trk=flagship3_search_srp_jobs,"Guaíba, Rio Grande do Sul, Brasil (Presencial)",CMPC,2025-09-22 18:32:06.250101,2025-09-29 18:35:34.581084
Auxiliar de rebobinadeira,https://www.linkedin.com/jobs/view/4305183072/?eBP=NON_CHARGEABLE_CHANNEL&refId=gNl1TTAH5i6HnWL5%2Fo95Sg%3D%3D&trackingId=LCvtvpyGkotN%2FJohxBaOAw%3D%3D&trk=flagship3_search_srp_jobs,"Campos Novos, Santa Catarina, Brasil (Presencial)",CMPC,2025-09-24 18:32:06.250101,2025-09-29 18:35:34.930944
Operador Caldeira I,https://www.linkedin.com/jobs/view/4306231607/?eBP=NON_CHARGEABLE_CHANNEL&refId=gNl1TTAH5i6HnWL5%2Fo95Sg%3D%3D&trackingId=QQPDwugjl5j3TXe5WKR35A%3D%3D&trk=flagship3_search_srp_jobs,"Campos Novos, Santa Catarina, Brasil (Presencial)",CMPC,2025-09-25 18:32:06.250101,2025-09-29 18:35:35.491416
Porteiro - Balança,https://www.linkedin.com/jobs/view/4304188146/?eBP=NON_CHARGEABLE_CHANNEL&refId=gNl1TTAH5i6HnWL5%2Fo95Sg%3D%3D&trackingId=2OSJJcYvRXeCIU5fWd4SsA%3D%3D&trk=flagship3_search_srp_jobs,"Piraí do Sul, Paraná, Brasil (Presencial)",CMPC,2025-09-22 18:32:06.250101,2025-09-29 18:35:35.893694
Banco de Talentos | Pessoas com Deficiência | São José dos Pinhais - PR,https://www.linkedin.com/jobs/view/4278338847/?eBP=NON_CHARGEABLE_CHANNEL&refId=gNl1TTAH5i6HnWL5%2Fo95Sg%3D%3D&trackingId=%2BjS0r3CNjzeol0ETRIJdUA%3D%3D&trk=flagship3_search_srp_jobs,"São José dos Pinhais, Paraná, Brasil (Híbrido)",CMPC,2025-09-15 18:32:06.250101,2025-09-29 18:35:36.457232
Banco de Talentos | Pessoas com Deficiência | Piraí do Sul - PR,https://www.linkedin.com/jobs/view/4150527499/?eBP=NON_CHARGEABLE_CHANNEL&refId=gNl1TTAH5i6HnWL5%2Fo95Sg%3D%3D&trackingId=ZYokBZyI69sOM4sHSX1XXA%3D%3D&trk=flagship3_search_srp_jobs,"Piraí do Sul, Paraná, Brasil (Híbrido)",CMPC,2025-09-22 18:32:06.250101,2025-09-29 18:35:36.830867
Banco de Talentos | Pessoas com Deficiência | Campos Novos - SC,https://www.linkedin.com/jobs/view/4150532089/?eBP=NON_CHARGEABLE_CHANNEL&refId=gNl1TTAH5i6HnWL5%2Fo95Sg%3D%3D&trackingId=fpe4FakkjdDz83YaH4Yc9A%3D%3D&trk=flagship3_search_srp_jobs,"Campos Novos, Santa Catarina, Brasil (Híbrido)",CMPC,2025-09-22 18:32:06.250101,2025-09-29 18:35:37.410545
Analista de Planejamento Florestal SR - Silvicultura - Guaíba/RS,https://www.linkedin.com/jobs/view/4302046483/?eBP=NON_CHARGEABLE_CHANNEL&refId=gNl1TTAH5i6HnWL5%2Fo95Sg%3D%3D&trackingId=SdqqjSG7FsbVF4OI2mScAw%3D%3D&trk=flagship3_search_srp_jobs,"Guaíba, Rio Grande do Sul, Brasil (Presencial)",CMPC,2025-09-22 18:32:06.250101,2025-09-29 18:35:37.932250
