Título,Link,Localização,Empresa,Fonte,Data,DataExtracao
Ajudante Florestal | Diretoria Florestal | Inocência/MS,"https://www.glassdoor.com.br/job-listing/ajudante-florestal-diretoria-florestal-inoc%C3%AAncia-ms-eldorado-brasil-JV_IC2496001_KO0,51_KE52,67.htm?jl=1009909179821",Inocência,Eldorado,Glassdoor,2025-10-16 19:27:03.086094,2025-10-24 19:27:03.086094
Ajudante Florestal | Diretoria Florestal | Água Clara/MS,"https://www.glassdoor.com.br/job-listing/ajudante-florestal-diretoria-florestal-%C3%A1gua-clara-ms-eldorado-brasil-JV_IC2486960_KO0,52_KE53,68.htm?jl=1009909179842","Água Clara, Mato Grosso do Sul",Eldorado,Glassdoor,2025-10-16 19:27:03.169613,2025-10-24 19:27:03.169613
Analista Recursos Humanos III (Relações Sindicais Trabalhista) | Diretoria RH |Três Lagoas/MS,"https://www.glassdoor.com.br/job-listing/analista-recursos-humanos-iii-rela%C3%A7%C3%B5es-sindicais-trabalhista-diretoria-rh-tr%C3%AAs-lagoas-ms-eldorado-brasil-JV_IC2486261_KO0,88_KE89,104.htm?jl=1009809496569","Três Lagoas, Mato Grosso do Sul",Eldorado,Glassdoor,2025-09-23 19:27:03.264468,2025-10-24 19:27:03.264468
Ajudante Viveiro | Diretoria Florestal | Andradina/SP,"https://www.glassdoor.com.br/job-listing/ajudante-viveiro-diretoria-florestal-andradina-sp-eldorado-brasil-JV_IC2464176_KO0,49_KE50,65.htm?jl=1009409505256",Andradina,Eldorado,Glassdoor,2025-09-23 19:27:03.362104,2025-10-24 19:27:03.362104
Jovem Aprendiz - Assistente Administrativo | Diretoria RH - Andradina/SP,"https://www.glassdoor.com.br/job-listing/jovem-aprendiz-assistente-administrativo-diretoria-rh-andradina-sp-eldorado-brasil-JV_IC2464176_KO0,66_KE67,82.htm?jl=1009913241028",Andradina,Eldorado,Glassdoor,2025-10-21 19:27:03.462640,2025-10-24 19:27:03.462640
Técnico/Técnica Desenvolvimento Operacional I (Colheita) | Diretoria Florestal | Três Lagoas/MS,"https://www.glassdoor.com.br/job-listing/t%C3%A9cnico-t%C3%A9cnica-desenvolvimento-operacional-i-colheita-diretoria-florestal-tr%C3%AAs-lagoas-ms-eldorado-brasil-JV_IC2486261_KO0,89_KE90,105.htm?jl=1009908586615","Três Lagoas, Mato Grosso do Sul",Eldorado,Glassdoor,2025-10-15 19:27:03.568278,2025-10-24 19:27:03.568278
Especialista Competitividade | Diretoria Transportadora | Três Lagoas/MS,"https://www.glassdoor.com.br/job-listing/especialista-competitividade-diretoria-transportadora-tr%C3%AAs-lagoas-ms-eldorado-brasil-JV_IC2486261_KO0,68_KE69,84.htm?jl=1009895521142","Três Lagoas, Mato Grosso do Sul",Eldorado,Glassdoor,2025-10-02 19:27:03.676158,2025-10-24 19:27:03.676158
Técnico/Técnica Desenvolvimento Operacional I (Manutenção) | Diretoria Florestal | Três Lagoas MS,"https://www.glassdoor.com.br/job-listing/t%C3%A9cnico-t%C3%A9cnica-desenvolvimento-operacional-i-manuten%C3%A7%C3%A3o-diretoria-florestal-tr%C3%AAs-lagoas-ms-eldorado-brasil-JV_IC2486261_KO0,91_KE92,107.htm?jl=1009908574878","Três Lagoas, Mato Grosso do Sul",Eldorado,Glassdoor,2025-10-15 19:27:03.764917,2025-10-24 19:27:03.764917
Líder Operações Florestais | Diretoria Florestal | Selvíria/MS,"https://www.glassdoor.com.br/job-listing/l%C3%ADder-opera%C3%A7%C3%B5es-florestais-diretoria-florestal-selv%C3%ADria-ms-eldorado-brasil-JV_IC4147246_KO0,58_KE59,74.htm?jl=1009608011796",Selvíria,Eldorado,Glassdoor,2025-09-23 19:27:03.845805,2025-10-24 19:27:03.845805
Técnico/ Técnica Segurança do Trabalho II I Diretoria Comercial e Logística | Santos/SP,"https://www.glassdoor.com.br/job-listing/t%C3%A9cnico-t%C3%A9cnica-seguran%C3%A7a-do-trabalho-ii-i-diretoria-comercial-e-log%C3%ADstica-santos-sp-eldorado-brasil-JV_IC2464116_KO0,84_KE85,100.htm?jl=1009906041145","Santos, São Paulo",Eldorado,Glassdoor,2025-10-13 19:27:03.943944,2025-10-24 19:27:03.943944
Técnico/ Técnica Logística Florestal III (Carregamento) | Diretoria Florestal | Três Lagoas/MS,"https://www.glassdoor.com.br/job-listing/t%C3%A9cnico-t%C3%A9cnica-log%C3%ADstica-florestal-iii-carregamento-diretoria-florestal-tr%C3%AAs-lagoas-ms-eldorado-brasil-JV_IC2486261_KO0,87_KE88,103.htm?jl=1009869079051","Três Lagoas, Mato Grosso do Sul",Eldorado,Glassdoor,2025-09-23 19:27:04.036597,2025-10-24 19:27:04.036597
Operador/ Operadora Trator | Diretoria Florestal | Inocência/MS,"https://www.glassdoor.com.br/job-listing/operador-operadora-trator-diretoria-florestal-inoc%C3%AAncia-ms-eldorado-brasil-JV_IC2496001_KO0,58_KE59,74.htm?jl=1009320333346",Inocência,Eldorado,Glassdoor,2025-09-23 19:27:04.133862,2025-10-24 19:27:04.133862
Bolsista Programa Rhae CNPq |Tecnologia da Madeira | Diretoria Florestal | Andradina/SP,"https://www.glassdoor.com.br/job-listing/bolsista-programa-rhae-cnpq-tecnologia-da-madeira-diretoria-florestal-andradina-sp-eldorado-brasil-JV_IC2486261_KO0,82_KE83,98.htm?jl=1009886479603","Três Lagoas, Mato Grosso do Sul",Eldorado,Glassdoor,2025-09-25 19:27:04.227737,2025-10-24 19:27:04.227737
Especialista Nutrição e Manejo | Diretoria Florestal | Andradina/SP,"https://www.glassdoor.com.br/job-listing/especialista-nutri%C3%A7%C3%A3o-e-manejo-diretoria-florestal-andradina-sp-eldorado-brasil-JV_IC2464176_KO0,63_KE64,79.htm?jl=1009831650861",Andradina,Eldorado,Glassdoor,2025-09-23 19:27:04.322503,2025-10-24 19:27:04.322503
Especialista Competitividade Florestal (Melhoria de Processos) | Diretoria Florestal,"https://www.glassdoor.com.br/job-listing/especialista-competitividade-florestal-melhoria-de-processos-diretoria-florestal-eldorado-brasil-JV_IC2486261_KO0,80_KE81,96.htm?jl=1009917787207","Três Lagoas, Mato Grosso do Sul",Eldorado,Glassdoor,2025-10-23 19:27:04.419844,2025-10-24 19:27:04.419844
Motorista Tritrem | Diretoria Transportadora | Três Lagoas/MS,"https://www.glassdoor.com.br/job-listing/motorista-tritrem-diretoria-transportadora-tr%C3%AAs-lagoas-ms-eldorado-brasil-JV_IC2486261_KO0,57_KE58,73.htm?jl=1009873005973","Três Lagoas, Mato Grosso do Sul",Eldorado,Glassdoor,2025-09-23 19:27:04.539855,2025-10-24 19:27:04.539855
Analista Manutenção Mecânica I (Gestão de Materiais e Serviços) | Diretoria Florestal | Três Lagoas/MS,"https://www.glassdoor.com.br/job-listing/analista-manuten%C3%A7%C3%A3o-mec%C3%A2nica-i-gest%C3%A3o-de-materiais-e-servi%C3%A7os-diretoria-florestal-tr%C3%AAs-lagoas-ms-eldorado-brasil-JV_IC2486261_KO0,96_KE97,112.htm?jl=1009916089297","Três Lagoas, Mato Grosso do Sul",Eldorado,Glassdoor,2025-10-23 19:27:04.653722,2025-10-24 19:27:04.653722
Mecânico/Mecânica I (Colheita) | Diretoria Florestal | Três Lagoas/MS,"https://www.glassdoor.com.br/job-listing/mec%C3%A2nico-mec%C3%A2nica-i-colheita-diretoria-florestal-tr%C3%AAs-lagoas-ms-eldorado-brasil-JV_IC2486261_KO0,63_KE64,79.htm?jl=1009909179474","Três Lagoas, Mato Grosso do Sul",Eldorado,Glassdoor,2025-10-16 19:27:04.735312,2025-10-24 19:27:04.735312
Operador/ Operadora Grua Transporte | Diretoria Florestal | Três Lagoas/MS,"https://www.glassdoor.com.br/job-listing/operador-operadora-grua-transporte-diretoria-florestal-tr%C3%AAs-lagoas-ms-eldorado-brasil-JV_IC2486261_KO0,69_KE70,85.htm?jl=1009890979797","Três Lagoas, Mato Grosso do Sul",Eldorado,Glassdoor,2025-09-30 19:27:04.899612,2025-10-24 19:27:04.899612
Mecânico/Mecânica II (Estradas/Linha Amarela) | Diretoria Florestal - Três Lagoas/MS,"https://www.glassdoor.com.br/job-listing/mec%C3%A2nico-mec%C3%A2nica-ii-estradas-linha-amarela-diretoria-florestal-tr%C3%AAs-lagoas-ms-eldorado-brasil-JV_IC2486261_KO0,78_KE79,94.htm?jl=1009910419835","Três Lagoas, Mato Grosso do Sul",Eldorado,Glassdoor,2025-10-17 19:27:05.093376,2025-10-24 19:27:05.093376
Ajudante Florestal | Diretoria Florestal | Inocência/MS,"https://www.glassdoor.com.br/job-listing/ajudante-florestal-diretoria-florestal-inoc%C3%AAncia-ms-eldorado-brasil-JV_IC2496001_KO0,51_KE52,67.htm?jl=1009909179821",Inocência,Eldorado,Glassdoor,2025-10-16 21:16:49.032737,2025-10-24 21:16:49.032737
Ajudante Florestal | Diretoria Florestal | Água Clara/MS,"https://www.glassdoor.com.br/job-listing/ajudante-florestal-diretoria-florestal-%C3%A1gua-clara-ms-eldorado-brasil-JV_IC2486960_KO0,52_KE53,68.htm?jl=1009909179842","Água Clara, Mato Grosso do Sul",Eldorado,Glassdoor,2025-10-16 21:16:49.095718,2025-10-24 21:16:49.095718
Analista Recursos Humanos III (Relações Sindicais Trabalhista) | Diretoria RH |Três Lagoas/MS,"https://www.glassdoor.com.br/job-listing/analista-recursos-humanos-iii-rela%C3%A7%C3%B5es-sindicais-trabalhista-diretoria-rh-tr%C3%AAs-lagoas-ms-eldorado-brasil-JV_IC2486261_KO0,88_KE89,104.htm?jl=1009809496569","Três Lagoas, Mato Grosso do Sul",Eldorado,Glassdoor,2025-09-23 21:16:49.148965,2025-10-24 21:16:49.148965
Ajudante Viveiro | Diretoria Florestal | Andradina/SP,"https://www.glassdoor.com.br/job-listing/ajudante-viveiro-diretoria-florestal-andradina-sp-eldorado-brasil-JV_IC2464176_KO0,49_KE50,65.htm?jl=1009409505256",Andradina,Eldorado,Glassdoor,2025-09-23 21:16:49.230787,2025-10-24 21:16:49.230787
Jovem Aprendiz - Assistente Administrativo | Diretoria RH - Andradina/SP,"https://www.glassdoor.com.br/job-listing/jovem-aprendiz-assistente-administrativo-diretoria-rh-andradina-sp-eldorado-brasil-JV_IC2464176_KO0,66_KE67,82.htm?jl=1009913241028",Andradina,Eldorado,Glassdoor,2025-10-21 21:16:49.295440,2025-10-24 21:16:49.295440
Técnico/Técnica Desenvolvimento Operacional I (Colheita) | Diretoria Florestal | Três Lagoas/MS,"https://www.glassdoor.com.br/job-listing/t%C3%A9cnico-t%C3%A9cnica-desenvolvimento-operacional-i-colheita-diretoria-florestal-tr%C3%AAs-lagoas-ms-eldorado-brasil-JV_IC2486261_KO0,89_KE90,105.htm?jl=1009908586615","Três Lagoas, Mato Grosso do Sul",Eldorado,Glassdoor,2025-10-15 21:16:49.355096,2025-10-24 21:16:49.355096
Especialista Competitividade | Diretoria Transportadora | Três Lagoas/MS,"https://www.glassdoor.com.br/job-listing/especialista-competitividade-diretoria-transportadora-tr%C3%AAs-lagoas-ms-eldorado-brasil-JV_IC2486261_KO0,68_KE69,84.htm?jl=1009895521142","Três Lagoas, Mato Grosso do Sul",Eldorado,Glassdoor,2025-10-02 21:16:49.415096,2025-10-24 21:16:49.415096
Técnico/Técnica Desenvolvimento Operacional I (Manutenção) | Diretoria Florestal | Três Lagoas MS,"https://www.glassdoor.com.br/job-listing/t%C3%A9cnico-t%C3%A9cnica-desenvolvimento-operacional-i-manuten%C3%A7%C3%A3o-diretoria-florestal-tr%C3%AAs-lagoas-ms-eldorado-brasil-JV_IC2486261_KO0,91_KE92,107.htm?jl=1009908574878","Três Lagoas, Mato Grosso do Sul",Eldorado,Glassdoor,2025-10-15 21:16:49.491051,2025-10-24 21:16:49.491051
Líder Operações Florestais | Diretoria Florestal | Selvíria/MS,"https://www.glassdoor.com.br/job-listing/l%C3%ADder-opera%C3%A7%C3%B5es-florestais-diretoria-florestal-selv%C3%ADria-ms-eldorado-brasil-JV_IC4147246_KO0,58_KE59,74.htm?jl=1009608011796",Selvíria,Eldorado,Glassdoor,2025-09-23 21:16:49.559414,2025-10-24 21:16:49.559414
Técnico/ Técnica Segurança do Trabalho II I Diretoria Comercial e Logística | Santos/SP,"https://www.glassdoor.com.br/job-listing/t%C3%A9cnico-t%C3%A9cnica-seguran%C3%A7a-do-trabalho-ii-i-diretoria-comercial-e-log%C3%ADstica-santos-sp-eldorado-brasil-JV_IC2464116_KO0,84_KE85,100.htm?jl=1009906041145","Santos, São Paulo",Eldorado,Glassdoor,2025-10-13 21:16:49.642547,2025-10-24 21:16:49.642547
Técnico/ Técnica Logística Florestal III (Carregamento) | Diretoria Florestal | Três Lagoas/MS,"https://www.glassdoor.com.br/job-listing/t%C3%A9cnico-t%C3%A9cnica-log%C3%ADstica-florestal-iii-carregamento-diretoria-florestal-tr%C3%AAs-lagoas-ms-eldorado-brasil-JV_IC2486261_KO0,87_KE88,103.htm?jl=1009869079051","Três Lagoas, Mato Grosso do Sul",Eldorado,Glassdoor,2025-09-23 21:16:49.745304,2025-10-24 21:16:49.745304
Operador/ Operadora Trator | Diretoria Florestal | Inocência/MS,"https://www.glassdoor.com.br/job-listing/operador-operadora-trator-diretoria-florestal-inoc%C3%AAncia-ms-eldorado-brasil-JV_IC2496001_KO0,58_KE59,74.htm?jl=1009320333346",Inocência,Eldorado,Glassdoor,2025-09-23 21:16:49.838776,2025-10-24 21:16:49.838776
Bolsista Programa Rhae CNPq |Tecnologia da Madeira | Diretoria Florestal | Andradina/SP,"https://www.glassdoor.com.br/job-listing/bolsista-programa-rhae-cnpq-tecnologia-da-madeira-diretoria-florestal-andradina-sp-eldorado-brasil-JV_IC2486261_KO0,82_KE83,98.htm?jl=1009886479603","Três Lagoas, Mato Grosso do Sul",Eldorado,Glassdoor,2025-09-25 21:16:49.908533,2025-10-24 21:16:49.908533
Especialista Nutrição e Manejo | Diretoria Florestal | Andradina/SP,"https://www.glassdoor.com.br/job-listing/especialista-nutri%C3%A7%C3%A3o-e-manejo-diretoria-florestal-andradina-sp-eldorado-brasil-JV_IC2464176_KO0,63_KE64,79.htm?jl=1009831650861",Andradina,Eldorado,Glassdoor,2025-09-23 21:16:49.993442,2025-10-24 21:16:49.993442
Analista Manutenção Mecânica I (Gestão de Materiais e Serviços) | Diretoria Florestal | Três Lagoas/MS,"https://www.glassdoor.com.br/job-listing/analista-manuten%C3%A7%C3%A3o-mec%C3%A2nica-i-gest%C3%A3o-de-materiais-e-servi%C3%A7os-diretoria-florestal-tr%C3%AAs-lagoas-ms-eldorado-brasil-JV_IC2486261_KO0,96_KE97,112.htm?jl=1009916089297","Três Lagoas, Mato Grosso do Sul",Eldorado,Glassdoor,2025-10-23 21:16:50.117224,2025-10-24 21:16:50.117224
Motorista Tritrem | Diretoria Transportadora | Três Lagoas/MS,"https://www.glassdoor.com.br/job-listing/motorista-tritrem-diretoria-transportadora-tr%C3%AAs-lagoas-ms-eldorado-brasil-JV_IC2486261_KO0,57_KE58,73.htm?jl=1009873005973","Três Lagoas, Mato Grosso do Sul",Eldorado,Glassdoor,2025-09-23 21:16:50.219697,2025-10-24 21:16:50.219697
Especialista Competitividade Florestal (Melhoria de Processos) | Diretoria Florestal,"https://www.glassdoor.com.br/job-listing/especialista-competitividade-florestal-melhoria-de-processos-diretoria-florestal-eldorado-brasil-JV_IC2486261_KO0,80_KE81,96.htm?jl=1009917787207","Três Lagoas, Mato Grosso do Sul",Eldorado,Glassdoor,2025-10-23 21:16:50.287011,2025-10-24 21:16:50.287011
Mecânico/Mecânica I (Colheita) | Diretoria Florestal | Três Lagoas/MS,"https://www.glassdoor.com.br/job-listing/mec%C3%A2nico-mec%C3%A2nica-i-colheita-diretoria-florestal-tr%C3%AAs-lagoas-ms-eldorado-brasil-JV_IC2486261_KO0,63_KE64,79.htm?jl=1009909179474","Três Lagoas, Mato Grosso do Sul",Eldorado,Glassdoor,2025-10-16 21:16:50.388377,2025-10-24 21:16:50.388377
Operador/ Operadora Grua Transporte | Diretoria Florestal | Três Lagoas/MS,"https://www.glassdoor.com.br/job-listing/operador-operadora-grua-transporte-diretoria-florestal-tr%C3%AAs-lagoas-ms-eldorado-brasil-JV_IC2486261_KO0,69_KE70,85.htm?jl=1009890979797","Três Lagoas, Mato Grosso do Sul",Eldorado,Glassdoor,2025-09-30 21:16:50.511545,2025-10-24 21:16:50.511545
Mecânico/Mecânica II (Estradas/Linha Amarela) | Diretoria Florestal - Três Lagoas/MS,"https://www.glassdoor.com.br/job-listing/mec%C3%A2nico-mec%C3%A2nica-ii-estradas-linha-amarela-diretoria-florestal-tr%C3%AAs-lagoas-ms-eldorado-brasil-JV_IC2486261_KO0,78_KE79,94.htm?jl=1009910419835","Três Lagoas, Mato Grosso do Sul",Eldorado,Glassdoor,2025-10-17 21:16:50.657277,2025-10-24 21:16:50.657277
Analista de Compras JR (Vaga Exclusiva para Pessoas com Deficiência),https://ldcelulose.gupy.io/jobs/9756275?jobBoardSource=gupy_public_page,Indianópolis - MG e Híbrido,LD Celulose,Gupy,2025-09-02 00:00:00,2025-10-24 21:17:42.706043
Banco de Talentos,https://ldcelulose.gupy.io/jobs/209387?jobBoardSource=gupy_public_page,Indianópolis - MG e Remoto,LD Celulose,Gupy,2020-04-30 00:00:00,2025-10-24 21:18:06.854898
Banco de Talentos (Pessoas com Deficiência),https://ldcelulose.gupy.io/jobs/824061?jobBoardSource=gupy_public_page,Indianópolis - MG e Remoto,LD Celulose,Gupy,2021-04-22 00:00:00,2025-10-24 21:18:38.224137
Enfermeira ou Enfermeiro do Trabalho,https://ldcelulose.gupy.io/jobs/9864077?jobBoardSource=gupy_public_page,Indianópolis - MG,LD Celulose,Gupy,2025-09-21 00:00:00,2025-10-24 21:19:03.126307
Motorista de Caminhão - Compostagem,https://ldcelulose.gupy.io/jobs/10003747?jobBoardSource=gupy_public_page,Indianópolis - MG,LD Celulose,Gupy,2025-10-15 00:00:00,2025-10-24 21:19:21.041420
Técnica ou Técnico de Sustentabilidade,https://ldcelulose.gupy.io/jobs/10115987?jobBoardSource=gupy_public_page,Indianópolis - MG e Híbrido,LD Celulose,Gupy,2025-10-20 00:00:00,2025-10-24 21:19:39.881666
Ajudante Florestal | Diretoria Florestal | Água Clara/MS,https://vagaseldoradobrasil.gupy.io/jobs/10119574?jobBoardSource=gupy_public_page,Água Clara - MS,Eldorado,Gupy,2025-10-16 00:00:00,2025-10-24 21:18:04.100233
Ajudante Florestal | Diretoria Florestal | Inocência/MS,https://vagaseldoradobrasil.gupy.io/jobs/10119558?jobBoardSource=gupy_public_page,Inocência - MS,Eldorado,Gupy,2025-10-24 21:18:30.850154,2025-10-24 21:18:33.581696
Ajudante Viveiro | Diretoria Florestal | Andradina/SP,https://vagaseldoradobrasil.gupy.io/jobs/6945795?jobBoardSource=gupy_public_page,Andradina - SP,Eldorado,Gupy,2024-08-16 00:00:00,2025-10-24 21:18:50.496331
Analista Manutenção Mecânica I (Gestão de Materiais e Serviços) | Diretoria Florestal | Três Lagoas/MS,https://vagaseldoradobrasil.gupy.io/jobs/9922716?jobBoardSource=gupy_public_page,Três Lagoas - MS,Eldorado,Gupy,2025-10-22 00:00:00,2025-10-24 21:19:10.855893
Analista Recursos Humanos III (Relações Sindicais Trabalhista) | Diretoria RH |Três Lagoas/MS,https://vagaseldoradobrasil.gupy.io/jobs/9482809?jobBoardSource=gupy_public_page,Três Lagoas - MS,Eldorado,Gupy,2025-07-11 00:00:00,2025-10-24 21:19:29.221878
Banco de Talentos | Pessoas 50+,https://vagaseldoradobrasil.gupy.io/jobs/6050358?jobBoardSource=gupy_public_page,Três Lagoas - MS,Eldorado,Gupy,2023-11-24 00:00:00,2025-10-24 21:19:47.779681
Banco de Talentos | Pessoas com Deficiência (PCD),https://vagaseldoradobrasil.gupy.io/jobs/6050330?jobBoardSource=gupy_public_page,Três Lagoas - MS,Eldorado,Gupy,2023-11-24 00:00:00,2025-10-24 21:20:02.050974
Banco de Talentos | Pessoas LGBTQ+,https://vagaseldoradobrasil.gupy.io/jobs/6050270?jobBoardSource=gupy_public_page,Três Lagoas - MS,Eldorado,Gupy,2023-11-24 00:00:00,2025-10-24 21:20:16.291223
Banco de Talentos | Pessoas Pretas,https://vagaseldoradobrasil.gupy.io/jobs/6050038?jobBoardSource=gupy_public_page,Três Lagoas - MS,Eldorado,Gupy,2023-11-24 00:00:00,2025-10-24 21:20:30.178250
Banco de Talentos | Programa de Estágio,https://vagaseldoradobrasil.gupy.io/jobs/9717422?jobBoardSource=gupy_public_page,São Paulo - SP,Eldorado,Gupy,2025-08-19 00:00:00,2025-10-24 21:20:44.466571
Desenvolvedor(a) GIS,https://www.linkedin.com/jobs/view/4308611589/?eBP=NON_CHARGEABLE_CHANNEL&refId=o82L6IsdEuJrFwwVot5l0Q%3D%3D&trackingId=A2T76Q1n8HHq6OP6uuhoGg%3D%3D&trk=flagship3_search_srp_jobs,"Três Lagoas, Mato Grosso do Sul, Brasil (Híbrido)",Arauco,LinkedIn,2025-10-03 21:21:36.589502,2025-10-24 21:22:33.685418
Operador de ETA/ETE II,https://www.linkedin.com/jobs/view/4311138697/?eBP=NON_CHARGEABLE_CHANNEL&refId=o82L6IsdEuJrFwwVot5l0Q%3D%3D&trackingId=5tooEun3LHuI428mwk5snA%3D%3D&trk=flagship3_search_srp_jobs,"Araucária, Paraná, Brasil (Presencial)",Arauco,LinkedIn,2025-10-10 21:21:36.589502,2025-10-24 21:22:34.138187
Líder Florestal - Patrimonial,https://www.linkedin.com/jobs/view/4314640716/?eBP=NON_CHARGEABLE_CHANNEL&refId=o82L6IsdEuJrFwwVot5l0Q%3D%3D&trackingId=1XjeB%2B%2BNwLEBx1idxM8qkA%3D%3D&trk=flagship3_search_srp_jobs,"Três Lagoas, Mato Grosso do Sul, Brasil (Presencial)",Arauco,LinkedIn,2025-10-17 21:21:36.589502,2025-10-24 21:22:34.813174
Assistente Administrativo Sênior,https://www.linkedin.com/jobs/view/4318297011/?eBP=NON_CHARGEABLE_CHANNEL&refId=o82L6IsdEuJrFwwVot5l0Q%3D%3D&trackingId=cpkGTgMu6NjjyI6W3vgLBg%3D%3D&trk=flagship3_search_srp_jobs,"Chapadão do Sul, Mato Grosso do Sul, Brasil (Presencial)",Arauco,LinkedIn,2025-10-22 21:21:36.589502,2025-10-24 21:22:35.525257
Analista de suporte de TI,https://www.linkedin.com/jobs/view/4306794299/?eBP=NON_CHARGEABLE_CHANNEL&refId=o82L6IsdEuJrFwwVot5l0Q%3D%3D&trackingId=MmgYKx2viMG9KQ6qp3eLOA%3D%3D&trk=flagship3_search_srp_jobs,"Araucária, Paraná, Brasil (Presencial)",Arauco,LinkedIn,2025-09-26 21:21:36.589502,2025-10-24 21:22:36.132478
Analista de PPCM,https://www.linkedin.com/jobs/view/4312099780/?eBP=NON_CHARGEABLE_CHANNEL&refId=o82L6IsdEuJrFwwVot5l0Q%3D%3D&trackingId=a5xkPH8%2BGoHyjgMBaZZPaw%3D%3D&trk=flagship3_search_srp_jobs,"Jaguariaíva, Paraná, Brasil (Presencial)",Arauco,LinkedIn,2025-10-10 21:21:36.589502,2025-10-24 21:22:36.656416
Auxiliar Administrativo (PCD),https://www.linkedin.com/jobs/view/4283781012/?eBP=NON_CHARGEABLE_CHANNEL&refId=o82L6IsdEuJrFwwVot5l0Q%3D%3D&trackingId=p9wQcPqLahh0K%2BOTeVcEQw%3D%3D&trk=flagship3_search_srp_jobs,"Jaguariaíva, Paraná, Brasil (Presencial)",Arauco,LinkedIn,2025-10-10 21:21:36.589502,2025-10-24 21:22:37.487493
Analista em Sanidade Florestal PL,https://www.linkedin.com/jobs/view/4309667532/?eBP=NON_CHARGEABLE_CHANNEL&refId=o82L6IsdEuJrFwwVot5l0Q%3D%3D&trackingId=uu08Qxd8DeU51zVzY3uc4A%3D%3D&trk=flagship3_search_srp_jobs,"Três Lagoas, Mato Grosso do Sul, Brasil (Presencial)",Arauco,LinkedIn,2025-10-03 21:21:36.589502,2025-10-24 21:22:38.047834
Líder Florestal - Patrimonial,https://www.linkedin.com/jobs/view/4309036330/?eBP=NON_CHARGEABLE_CHANNEL&refId=o82L6IsdEuJrFwwVot5l0Q%3D%3D&trackingId=4DiPjXc%2F5njmQ80%2F0tpOow%3D%3D&trk=flagship3_search_srp_jobs,"Cassilândia, Mato Grosso do Sul, Brasil (Presencial)",Arauco,LinkedIn,2025-10-03 21:21:36.589502,2025-10-24 21:22:38.662802
Analista de Responsabilidade Social e Institucional Pleno,https://www.linkedin.com/jobs/view/4331306701/?eBP=NON_CHARGEABLE_CHANNEL&refId=o82L6IsdEuJrFwwVot5l0Q%3D%3D&trackingId=LPZZysN2h0U5b5f%2FvtuZkQ%3D%3D&trk=flagship3_search_srp_jobs,"Chapadão do Sul, Mato Grosso do Sul, Brasil (Presencial)",Arauco,LinkedIn,2025-10-24 21:21:36.589502,2025-10-24 21:22:39.170019
Técnico(a) de Controle de Qualidade Jr,https://www.linkedin.com/jobs/view/4312086367/?eBP=NON_CHARGEABLE_CHANNEL&refId=o82L6IsdEuJrFwwVot5l0Q%3D%3D&trackingId=oCSAr3R%2Foszrhiybcb7skA%3D%3D&trk=flagship3_search_srp_jobs,"Montenegro, Rio Grande do Sul, Brasil (Presencial)",Arauco,LinkedIn,2025-10-10 21:21:36.589502,2025-10-24 21:22:39.789068
Analista Gestão de Pessoas Sr.,https://www.linkedin.com/jobs/view/4318275451/?eBP=NON_CHARGEABLE_CHANNEL&refId=o82L6IsdEuJrFwwVot5l0Q%3D%3D&trackingId=wGV51Vb2O8acyuwZaCykzA%3D%3D&trk=flagship3_search_srp_jobs,"Três Lagoas, Mato Grosso do Sul, Brasil (Presencial)",Arauco,LinkedIn,2025-10-22 21:21:36.589502,2025-10-24 21:22:40.282676
Analista Planejamento,https://www.linkedin.com/jobs/view/4309683492/?eBP=NON_CHARGEABLE_CHANNEL&refId=o82L6IsdEuJrFwwVot5l0Q%3D%3D&trackingId=%2FYN4xae9Hx6tsSfMAFrvQw%3D%3D&trk=flagship3_search_srp_jobs,"Inocência, Mato Grosso do Sul, Brasil (Presencial)",Arauco,LinkedIn,2025-10-03 21:21:36.589502,2025-10-24 21:22:40.816137
Líder Florestal II,https://www.linkedin.com/jobs/view/4317873477/?eBP=NON_CHARGEABLE_CHANNEL&refId=o82L6IsdEuJrFwwVot5l0Q%3D%3D&trackingId=D7JoNwQOVGHdseFh3mN4DQ%3D%3D&trk=flagship3_search_srp_jobs,"Inocência, Mato Grosso do Sul, Brasil (Presencial)",Arauco,LinkedIn,2025-10-21 21:21:36.589502,2025-10-24 21:22:41.516621
Coordenador de Suprimentos – Suporte a Compras,https://www.linkedin.com/jobs/view/4317322788/?eBP=NON_CHARGEABLE_CHANNEL&refId=o82L6IsdEuJrFwwVot5l0Q%3D%3D&trackingId=XUAgdvFBWKaNjLlsdUctHA%3D%3D&trk=flagship3_search_srp_jobs,"São Paulo, Brasil (Presencial)",Arauco,LinkedIn,2025-10-20 21:21:36.589502,2025-10-24 21:22:42.148753
Consultor(a) Laboratório,https://www.linkedin.com/jobs/view/4316307541/?eBP=NON_CHARGEABLE_CHANNEL&refId=o82L6IsdEuJrFwwVot5l0Q%3D%3D&trackingId=8eQsyL33QR%2BJ21hHxCFZ9Q%3D%3D&trk=flagship3_search_srp_jobs,"Inocência, Mato Grosso do Sul, Brasil (Presencial)",Arauco,LinkedIn,2025-10-17 21:21:36.589502,2025-10-24 21:22:42.634013
Supervisor Florestal - Silvicultura,https://www.linkedin.com/jobs/view/4316321113/?eBP=NON_CHARGEABLE_CHANNEL&refId=o82L6IsdEuJrFwwVot5l0Q%3D%3D&trackingId=vHRf%2FrnIPRO%2FGlGtHAmFZg%3D%3D&trk=flagship3_search_srp_jobs,"Três Lagoas, Mato Grosso do Sul, Brasil (Presencial)",Arauco,LinkedIn,2025-10-17 21:21:36.589502,2025-10-24 21:22:43.358805
Assistente de Manutenção (Lavagem e borracharia),https://www.linkedin.com/jobs/view/4331322598/?eBP=NON_CHARGEABLE_CHANNEL&refId=o82L6IsdEuJrFwwVot5l0Q%3D%3D&trackingId=f3JGutWGazTMxf4L%2BtdiQw%3D%3D&trk=flagship3_search_srp_jobs,"Inocência, Mato Grosso do Sul, Brasil (Presencial)",Arauco,LinkedIn,2025-10-24 21:21:36.589502,2025-10-24 21:22:43.795423
Supervisor (a) Manejo de Plantas Daninhas,https://www.linkedin.com/jobs/view/4314189152/?eBP=NON_CHARGEABLE_CHANNEL&refId=o82L6IsdEuJrFwwVot5l0Q%3D%3D&trackingId=nxzHZ1nKplG3zCm74m%2Bc9g%3D%3D&trk=flagship3_search_srp_jobs,"Três Lagoas, Mato Grosso do Sul, Brasil (Presencial)",Arauco,LinkedIn,2025-10-17 21:21:36.589502,2025-10-24 21:22:44.683898
Especialista em Fitossanidade,https://www.linkedin.com/jobs/view/4308986143/?eBP=NON_CHARGEABLE_CHANNEL&refId=o82L6IsdEuJrFwwVot5l0Q%3D%3D&trackingId=F4Kj6esxowmgglsi7iVwjg%3D%3D&trk=flagship3_search_srp_jobs,"Três Lagoas, Mato Grosso do Sul, Brasil (Presencial)",Arauco,LinkedIn,2025-10-03 21:21:36.589502,2025-10-24 21:22:45.454287
Vaga Afirmativa para Pessoas com Deficiência - Jaguriaíva/PR,https://www.linkedin.com/jobs/view/4269585824/?eBP=NON_CHARGEABLE_CHANNEL&refId=o82L6IsdEuJrFwwVot5l0Q%3D%3D&trackingId=SCocUJ39T%2F2jf29U555cuQ%3D%3D&trk=flagship3_search_srp_jobs,"Jaguariaíva, Paraná, Brasil (Presencial)",Arauco,LinkedIn,2025-10-10 21:21:36.589502,2025-10-24 21:22:46.090999
Especialista em custos,https://www.linkedin.com/jobs/view/4315821339/?eBP=NON_CHARGEABLE_CHANNEL&refId=o82L6IsdEuJrFwwVot5l0Q%3D%3D&trackingId=%2FdclqhFzzT60wgQNDLxrRA%3D%3D&trk=flagship3_search_srp_jobs,"Três Lagoas, Mato Grosso do Sul, Brasil (Presencial)",Arauco,LinkedIn,2025-10-17 21:21:36.589502,2025-10-24 21:22:46.782285
Supervisor (a) De Manutenção Mecânica,https://www.linkedin.com/jobs/view/4314186189/?eBP=NON_CHARGEABLE_CHANNEL&refId=o82L6IsdEuJrFwwVot5l0Q%3D%3D&trackingId=6nPDkI1h%2BNR%2Fo7I4yhwsxA%3D%3D&trk=flagship3_search_srp_jobs,"Paranaíba, Mato Grosso do Sul, Brasil (Presencial)",Arauco,LinkedIn,2025-10-17 21:21:36.589502,2025-10-24 21:22:47.353651
Analista de Manutenção Mecânica PL,https://www.linkedin.com/jobs/view/4315856842/?eBP=NON_CHARGEABLE_CHANNEL&refId=o82L6IsdEuJrFwwVot5l0Q%3D%3D&trackingId=4we46QDKPzVpqH6AHFj22g%3D%3D&trk=flagship3_search_srp_jobs,"Chapadão do Sul, Mato Grosso do Sul, Brasil (Presencial)",Arauco,LinkedIn,2025-10-17 21:21:36.589502,2025-10-24 21:22:48.019987
Advogada(o) Sênior – Contratos,https://www.linkedin.com/jobs/view/4314660864/?eBP=NON_CHARGEABLE_CHANNEL&refId=o82L6IsdEuJrFwwVot5l0Q%3D%3D&trackingId=d24Oa32zrHLhu5dLxLd%2FeQ%3D%3D&trk=flagship3_search_srp_jobs,"Inocência, Mato Grosso do Sul, Brasil (Presencial)",Arauco,LinkedIn,2025-10-17 21:21:36.589502,2025-10-24 21:22:48.606595
BANCO DE TALENTOS - Mulheres na Operação e Manutenção,https://www.linkedin.com/jobs/view/4314397950/?eBP=NON_CHARGEABLE_CHANNEL&refId=562RVTRcWWdRW52XOFffng%3D%3D&trackingId=UzWB8l%2FNZZgrtVWtc5lbJg%3D%3D&trk=flagship3_search_srp_jobs,"Camaçari, Bahia, Brasil (Presencial)",Bracell,LinkedIn,2025-10-24 21:23:39.782496,2025-10-24 21:23:39.782496
Auxiliar Pesquisa Viveiro (Irrigação),https://www.linkedin.com/jobs/view/4317232382/?eBP=NON_CHARGEABLE_CHANNEL&refId=562RVTRcWWdRW52XOFffng%3D%3D&trackingId=IhyqkX3cYmDN2WB%2BYfNtiA%3D%3D&trk=flagship3_search_srp_jobs,"Lençóis Paulista, São Paulo, Brasil (Presencial)",Bracell,LinkedIn,2025-10-24 21:21:36.589502,2025-10-24 21:23:40.186018
Assistente Administrativo,https://www.linkedin.com/jobs/view/4314385697/?eBP=NON_CHARGEABLE_CHANNEL&refId=562RVTRcWWdRW52XOFffng%3D%3D&trackingId=VGFjSc%2BQboLTY7szjQf%2BQg%3D%3D&trk=flagship3_search_srp_jobs,"Bataguassu, Mato Grosso do Sul, Brasil (Presencial)",Bracell,LinkedIn,2025-10-20 21:21:36.589502,2025-10-24 21:23:40.722247
Assistente Administrativo - Almoxarifado,https://www.linkedin.com/jobs/view/4315950260/?eBP=NON_CHARGEABLE_CHANNEL&refId=562RVTRcWWdRW52XOFffng%3D%3D&trackingId=QtO1fXlm4GE4qqc%2FKaeltw%3D%3D&trk=flagship3_search_srp_jobs,"Lençóis Paulista, São Paulo, Brasil (Presencial)",Bracell,LinkedIn,2025-10-22 21:21:36.589502,2025-10-24 21:23:41.374109
BANCO DE TALENTOS,https://www.linkedin.com/jobs/view/4254890526/?eBP=NON_CHARGEABLE_CHANNEL&refId=562RVTRcWWdRW52XOFffng%3D%3D&trackingId=UYRHkCApoe3C4LM3OnFeZg%3D%3D&trk=flagship3_search_srp_jobs,"Alagoinhas, Bahia, Brasil (Presencial)",Bracell,LinkedIn,2025-10-17 21:21:36.589502,2025-10-24 21:23:41.862484
Analista Fiscal Junior,https://www.linkedin.com/jobs/view/4331187431/?eBP=NON_CHARGEABLE_CHANNEL&refId=562RVTRcWWdRW52XOFffng%3D%3D&trackingId=zm8k16agz1%2BxA7QFwWK0Jw%3D%3D&trk=flagship3_search_srp_jobs,"Campinas, São Paulo, Brasil (Presencial)",Bracell,LinkedIn,2025-10-24 21:21:36.589502,2025-10-24 21:23:42.443395
AN GEOPROCESSAMENTO I,https://www.linkedin.com/jobs/view/4317201590/?eBP=NON_CHARGEABLE_CHANNEL&refId=562RVTRcWWdRW52XOFffng%3D%3D&trackingId=GNzNx7j%2B3hslFkpoByefvw%3D%3D&trk=flagship3_search_srp_jobs,"Bataguassu, Mato Grosso do Sul, Brasil (Presencial)",Bracell,LinkedIn,2025-10-24 21:21:36.589502,2025-10-24 21:23:42.921213
BANCO DE TALENTOS - Pessoa com Deficiência,https://www.linkedin.com/jobs/view/4314919330/?eBP=NON_CHARGEABLE_CHANNEL&refId=562RVTRcWWdRW52XOFffng%3D%3D&trackingId=%2F1rUgk0HdT01UxAhIbbKKA%3D%3D&trk=flagship3_search_srp_jobs,"Camaçari, Bahia, Brasil (Presencial)",Bracell,LinkedIn,2025-10-20 21:21:36.589502,2025-10-24 21:23:43.435063
BANCO DE TALENTOS - Pessoa com Deficiência,https://www.linkedin.com/jobs/view/4314913756/?eBP=NON_CHARGEABLE_CHANNEL&refId=562RVTRcWWdRW52XOFffng%3D%3D&trackingId=ANVjzLRiXCfRg0KskRi1Jw%3D%3D&trk=flagship3_search_srp_jobs,"Alagoinhas, Bahia, Brasil (Presencial)",Bracell,LinkedIn,2025-10-20 21:21:36.589502,2025-10-24 21:23:43.847850
Analista de RH Junior,https://www.linkedin.com/jobs/view/4319018213/?eBP=NON_CHARGEABLE_CHANNEL&refId=562RVTRcWWdRW52XOFffng%3D%3D&trackingId=AyU0lXaPPyh6mn0pHKhnqA%3D%3D&trk=flagship3_search_srp_jobs,"Campinas, São Paulo, Brasil (Presencial)",Bracell,LinkedIn,2025-10-23 21:21:36.589502,2025-10-24 21:23:44.616129
Auxiliar Manutenção de Viveiro,https://www.linkedin.com/jobs/view/4313046869/?eBP=NON_CHARGEABLE_CHANNEL&refId=562RVTRcWWdRW52XOFffng%3D%3D&trackingId=4LRzU3YiCK1muTfTzESIdw%3D%3D&trk=flagship3_search_srp_jobs,"Lençóis Paulista, São Paulo, Brasil (Presencial)",Bracell,LinkedIn,2025-10-17 21:21:36.589502,2025-10-24 21:23:45.102333
Assistente de contabilidade,https://www.linkedin.com/jobs/view/4319016119/?eBP=NON_CHARGEABLE_CHANNEL&refId=562RVTRcWWdRW52XOFffng%3D%3D&trackingId=WBZVjpFwNvulryTwx5r5lg%3D%3D&trk=flagship3_search_srp_jobs,"Campinas, São Paulo, Brasil (Presencial)",Bracell,LinkedIn,2025-10-23 21:21:36.589502,2025-10-24 21:23:45.841577
Analista de Talent Acquisition Pleno | RH | Porta de Entrada,https://www.linkedin.com/jobs/view/4317242225/?eBP=NON_CHARGEABLE_CHANNEL&refId=562RVTRcWWdRW52XOFffng%3D%3D&trackingId=RSSPmGxlklR52a1GxCXa0w%3D%3D&trk=flagship3_search_srp_jobs,"Lençóis Paulista, São Paulo, Brasil (Presencial)",Bracell,LinkedIn,2025-10-24 21:21:36.589502,2025-10-24 21:23:46.366589
Analista de Dados Pleno,https://www.linkedin.com/jobs/view/4311139672/?eBP=NON_CHARGEABLE_CHANNEL&refId=562RVTRcWWdRW52XOFffng%3D%3D&trackingId=exO6x9JKA9oamkbbNVkY8g%3D%3D&trk=flagship3_search_srp_jobs,"Campinas, São Paulo, Brasil (Presencial)",Bracell,LinkedIn,2025-10-10 21:21:36.589502,2025-10-24 21:23:46.778033
Analista de Operações de RH,https://www.linkedin.com/jobs/view/4288383758/?eBP=NON_CHARGEABLE_CHANNEL&refId=562RVTRcWWdRW52XOFffng%3D%3D&trackingId=7EY9Ur9nOCwbiRW2%2FpJQjw%3D%3D&trk=flagship3_search_srp_jobs,"Campinas, São Paulo, Brasil (Presencial)",Bracell,LinkedIn,2025-10-03 21:21:36.589502,2025-10-24 21:23:47.358329
Analista Logística II - Supply Chain,https://www.linkedin.com/jobs/view/4316271266/?eBP=NON_CHARGEABLE_CHANNEL&refId=562RVTRcWWdRW52XOFffng%3D%3D&trackingId=HP%2BBtBa%2BGRm2idQf386oOg%3D%3D&trk=flagship3_search_srp_jobs,"Lençóis Paulista, São Paulo, Brasil (Presencial)",Bracell,LinkedIn,2025-10-23 21:21:36.589502,2025-10-24 21:23:47.805425
Operador(a) Balança de Insumos,https://www.linkedin.com/jobs/view/4314398944/?eBP=NON_CHARGEABLE_CHANNEL&refId=562RVTRcWWdRW52XOFffng%3D%3D&trackingId=w8vxeTJU7Gw3rokeU7ko0A%3D%3D&trk=flagship3_search_srp_jobs,"Lençóis Paulista, São Paulo, Brasil (Presencial)",Bracell,LinkedIn,2025-10-20 21:21:36.589502,2025-10-24 21:23:48.508636
Técnico(a) Viveiro Florestal - Junior,https://www.linkedin.com/jobs/view/4316273213/?eBP=NON_CHARGEABLE_CHANNEL&refId=562RVTRcWWdRW52XOFffng%3D%3D&trackingId=bOU%2FLtPmkvPG5kRLIbfaWQ%3D%3D&trk=flagship3_search_srp_jobs,"Avaí, São Paulo, Brasil (Presencial)",Bracell,LinkedIn,2025-10-23 21:21:36.589502,2025-10-24 21:23:49.052405
Cadastro Inclusivo de Talentos - PCD | Mato Grosso do Sul,https://www.linkedin.com/jobs/view/4258099242/?eBP=NON_CHARGEABLE_CHANNEL&refId=562RVTRcWWdRW52XOFffng%3D%3D&trackingId=J1PCWYFOG2h4UlOwg%2B4n%2Bw%3D%3D&trk=flagship3_search_srp_jobs,"Mato Grosso do Sul, Brasil (Presencial)",Bracell,LinkedIn,2025-10-17 21:21:36.589502,2025-10-24 21:23:49.795677
AN MANUTENCAO AUTOMOTIVA I,https://www.linkedin.com/jobs/view/4317245152/?eBP=NON_CHARGEABLE_CHANNEL&refId=562RVTRcWWdRW52XOFffng%3D%3D&trackingId=3fzbIgv39j9G%2FzcHmetnNg%3D%3D&trk=flagship3_search_srp_jobs,"Lençóis Paulista, São Paulo, Brasil (Presencial)",Bracell,LinkedIn,2025-10-24 21:21:36.589502,2025-10-24 21:23:50.328863
Analista de Infraestrutura Pleno - Servidores,https://www.linkedin.com/jobs/view/4314159948/?eBP=NON_CHARGEABLE_CHANNEL&refId=562RVTRcWWdRW52XOFffng%3D%3D&trackingId=Cjy%2FfVk5XXb0zbsZJMML4w%3D%3D&trk=flagship3_search_srp_jobs,"Campinas, São Paulo, Brasil (Presencial)",Bracell,LinkedIn,2025-10-17 21:21:36.589502,2025-10-24 21:23:50.977261
Executivo(a) Campo Sênior - Supervisor(a) Merchandising,https://www.linkedin.com/jobs/view/4314912744/?eBP=NON_CHARGEABLE_CHANNEL&refId=562RVTRcWWdRW52XOFffng%3D%3D&trackingId=%2Bd%2B5U2NLUCtxyeHOuWBydA%3D%3D&trk=flagship3_search_srp_jobs,"Campinas, São Paulo, Brasil (Presencial)",Bracell,LinkedIn,2025-10-20 21:21:36.589502,2025-10-24 21:23:51.426939
Analista Contábil,https://www.linkedin.com/jobs/view/4310464556/?eBP=NON_CHARGEABLE_CHANNEL&refId=562RVTRcWWdRW52XOFffng%3D%3D&trackingId=bEVhSlV4B3vzvB8s3MVqyA%3D%3D&trk=flagship3_search_srp_jobs,"Campinas, São Paulo, Brasil (Presencial)",Bracell,LinkedIn,2025-10-03 21:21:36.589502,2025-10-24 21:23:52.120660
Analista de Folha de Pagamento Pleno,https://www.linkedin.com/jobs/view/4319007806/?eBP=NON_CHARGEABLE_CHANNEL&refId=562RVTRcWWdRW52XOFffng%3D%3D&trackingId=Mm0T%2Fn6ipm7EfhBSyiVTow%3D%3D&trk=flagship3_search_srp_jobs,"Campinas, São Paulo, Brasil (Presencial)",Bracell,LinkedIn,2025-10-23 21:21:36.589502,2025-10-24 21:23:52.587963
Especialista em compras,https://www.linkedin.com/jobs/view/4311104811/?eBP=NON_CHARGEABLE_CHANNEL&refId=562RVTRcWWdRW52XOFffng%3D%3D&trackingId=OZyf6VLLbeJzmx8WkOl2Bw%3D%3D&trk=flagship3_search_srp_jobs,"Lençóis Paulista, São Paulo, Brasil (Presencial)",Bracell,LinkedIn,2025-10-10 21:21:36.589502,2025-10-24 21:23:53.274287
Analista de Folha de Pagamento Sênior,https://www.linkedin.com/jobs/view/4314187523/?eBP=NON_CHARGEABLE_CHANNEL&refId=Z39Tvd8h7ABH5m718CUNXg%3D%3D&trackingId=phG1kRuPAjSOnYI%2BYBBD7w%3D%3D&trk=flagship3_search_srp_jobs,"Campinas, São Paulo, Brasil (Presencial)",Bracell,LinkedIn,2025-10-17 21:21:36.589502,2025-10-24 21:24:05.742094
Analista de Controladoria JR,https://www.linkedin.com/jobs/view/4311158813/?eBP=NON_CHARGEABLE_CHANNEL&refId=Z39Tvd8h7ABH5m718CUNXg%3D%3D&trackingId=QFLtxr3KNyegQk9JbTVCAw%3D%3D&trk=flagship3_search_srp_jobs,"Feira de Santana, Bahia, Brasil (Presencial)",Bracell,LinkedIn,2025-10-10 21:21:36.589502,2025-10-24 21:24:06.277088
Analista de Segurança da Informação Sênior,https://www.linkedin.com/jobs/view/4314830142/?eBP=NON_CHARGEABLE_CHANNEL&refId=Z39Tvd8h7ABH5m718CUNXg%3D%3D&trackingId=GKtZtktJDN8MV%2FQb%2B9PWrw%3D%3D&trk=flagship3_search_srp_jobs,"Campinas, São Paulo, Brasil (Presencial)",Bracell,LinkedIn,2025-10-17 21:21:36.589502,2025-10-24 21:24:06.940737
Coordenador(a) de Planejamento de Manutenção,https://www.linkedin.com/jobs/view/4315943351/?eBP=NON_CHARGEABLE_CHANNEL&refId=Z39Tvd8h7ABH5m718CUNXg%3D%3D&trackingId=GNEcoWb%2F0%2BrudS9N5Pxlkw%3D%3D&trk=flagship3_search_srp_jobs,"Camaçari, Bahia, Brasil (Presencial)",Bracell,LinkedIn,2025-10-22 21:21:36.589502,2025-10-24 21:24:07.545049
Banco de Talentos CMPC - Piraí do Sul/Pr,https://www.linkedin.com/jobs/view/4301775682/?eBP=NON_CHARGEABLE_CHANNEL&refId=qGzjciEt8eUH3gVBw5buRg%3D%3D&trackingId=Qwm0EULjnVWOF4DeYimzQA%3D%3D&trk=flagship3_search_srp_jobs,"Piraí do Sul, Paraná, Brasil (Presencial)",CMPC,LinkedIn,2025-10-10 21:21:36.589502,2025-10-24 21:24:54.214482
Operador(a) Utilidades I,https://www.linkedin.com/jobs/view/4317398745/?eBP=NON_CHARGEABLE_CHANNEL&refId=qGzjciEt8eUH3gVBw5buRg%3D%3D&trackingId=LfUJZnesLowCADku5AQnAQ%3D%3D&trk=flagship3_search_srp_jobs,"São José dos Pinhais, Paraná, Brasil (Presencial)",CMPC,LinkedIn,2025-10-20 21:21:36.589502,2025-10-24 21:24:54.874897
APRENDIZ,https://www.linkedin.com/jobs/view/4312593069/?eBP=NON_CHARGEABLE_CHANNEL&refId=qGzjciEt8eUH3gVBw5buRg%3D%3D&trackingId=OW2c%2Ba7eerZr7s5ZXwjatw%3D%3D&trk=flagship3_search_srp_jobs,"Campos Novos, Santa Catarina, Brasil (Presencial)",CMPC,LinkedIn,2025-10-10 21:21:36.589502,2025-10-24 21:24:55.221309
Pesquisador II - Especialista em Produção de Papel,https://www.linkedin.com/jobs/view/4317319082/?eBP=NON_CHARGEABLE_CHANNEL&refId=qGzjciEt8eUH3gVBw5buRg%3D%3D&trackingId=zR9b5YSOxz4OVOxevNiu4Q%3D%3D&trk=flagship3_search_srp_jobs,"Guaíba, Rio Grande do Sul, Brasil (Presencial)",CMPC,LinkedIn,2025-10-20 21:21:36.589502,2025-10-24 21:24:55.815028
Analista de Segurança do Trabalho Florestal PL - Regional Encruzilhada do Sul/RS,https://www.linkedin.com/jobs/view/4315391174/?eBP=NON_CHARGEABLE_CHANNEL&refId=qGzjciEt8eUH3gVBw5buRg%3D%3D&trackingId=shrKQz4sOxn9hHI7vPxhpw%3D%3D&trk=flagship3_search_srp_jobs,"Guaíba, Rio Grande do Sul, Brasil (Presencial)",CMPC,LinkedIn,2025-10-17 21:21:36.589502,2025-10-24 21:24:56.286801
Coordenador de Manutenção EIA,https://www.linkedin.com/jobs/view/4315895984/?eBP=NON_CHARGEABLE_CHANNEL&refId=qGzjciEt8eUH3gVBw5buRg%3D%3D&trackingId=HrRBKKL4SAEshWYWua0jjg%3D%3D&trk=flagship3_search_srp_jobs,"Piraí do Sul, Paraná, Brasil (Presencial)",CMPC,LinkedIn,2025-10-17 21:21:36.589502,2025-10-24 21:24:56.863449
Coordenador de produção - Caustificação e Forno de cal,https://www.linkedin.com/jobs/view/4319091294/?eBP=NON_CHARGEABLE_CHANNEL&refId=qGzjciEt8eUH3gVBw5buRg%3D%3D&trackingId=eNtBKMdCNLDdO0wS45tTQg%3D%3D&trk=flagship3_search_srp_jobs,"Guaíba, Rio Grande do Sul, Brasil (Presencial)",CMPC,LinkedIn,2025-10-23 21:21:36.589502,2025-10-24 21:24:57.349740
"Lead, Indigenous Engagement",https://averis.wd3.myworkdayjobs.com/pt-BR/RGE/job/Calgary/Lead--Indigenous-Engagement_R190101,Calgary,Bracell,Site Próprio,2025-10-24 21:26:00.346820,2025-10-24 21:26:00.346820
Auxiliar Pesquisa Viveiro (Irrigação),https://averis.wd3.myworkdayjobs.com/pt-BR/RGE/job/Lencois-Paulista/Auxiliar-Pesquisa-Viveiro--Irrigao-_R189657-1,Lencois Paulista,Bracell,Site Próprio,2025-10-24 21:26:00.447702,2025-10-24 21:26:00.447702
AN MANUTENCAO AUTOMOTIVA I,https://averis.wd3.myworkdayjobs.com/pt-BR/RGE/job/Lencois-Paulista/AN-MANUTENCAO-AUTOMOTIVA-I_R188857,Lencois Paulista,Bracell,Site Próprio,2025-10-24 21:26:00.546511,2025-10-24 21:26:00.546511
Analista de Talent Acquisition Pleno | RH | Porta de Entrada,https://averis.wd3.myworkdayjobs.com/pt-BR/RGE/job/Lencois-Paulista/Analista-de-Talent-Acquisition-Pleno---RH---Porta-de-Entrada_R189257,Lencois Paulista,Bracell,Site Próprio,2025-10-24 21:26:00.652320,2025-10-24 21:26:00.652320
Assistente de Contabilidade,https://averis.wd3.myworkdayjobs.com/pt-BR/RGE/job/Campinas/Assistente-de-Contabilidade_R189749,Campinas,Bracell,Site Próprio,2025-10-24 21:26:00.751521,2025-10-24 21:26:00.751521
Analista de Dados Pleno,https://averis.wd3.myworkdayjobs.com/pt-BR/RGE/job/Campinas/Analista-de-Dados-Pleno_R188859,Campinas,Bracell,Site Próprio,2025-10-24 21:26:00.827472,2025-10-24 21:26:00.827472
Analista Fiscal Junior,https://averis.wd3.myworkdayjobs.com/pt-BR/RGE/job/Campinas/Analista-Fiscal-Snior_R169911,Campinas,Bracell,Site Próprio,2025-10-24 21:26:00.895804,2025-10-24 21:26:00.895804
Analista Fiscal Junior,https://averis.wd3.myworkdayjobs.com/pt-BR/RGE/job/Campinas/Analista-Fiscal-Pleno_R187615,Campinas,Bracell,Site Próprio,2025-10-24 21:26:00.971100,2025-10-24 21:26:00.971100
AN GEOPROCESSAMENTO I,https://averis.wd3.myworkdayjobs.com/pt-BR/RGE/job/Bataguassu/AN-GEOPROCESSAMENTO-I_R189089,Bataguassu,Bracell,Site Próprio,2025-10-24 21:26:01.049982,2025-10-24 21:26:01.049982
Product Manager,https://averis.wd3.myworkdayjobs.com/pt-BR/RGE/job/Kuala-Lumpur/Product-Manager_R189047,Kuala Lumpur,Bracell,Site Próprio,2025-10-24 21:26:01.120499,2025-10-24 21:26:01.120499
Sales Executive,https://averis.wd3.myworkdayjobs.com/pt-BR/RGE/job/Kelantan/Sales-Executive_R189904,Kelantan,Bracell,Site Próprio,2025-10-24 21:26:01.196892,2025-10-24 21:26:01.196892
Operador(a) Balança de Insumos,https://averis.wd3.myworkdayjobs.com/pt-BR/RGE/job/Lencois-Paulista/OP-BALANCA-INSUMOS_R189085,Lencois Paulista,Bracell,Site Próprio,2025-10-23 21:26:01.394395,2025-10-24 21:26:01.394395
Analista Logística II - Supply Chain,https://averis.wd3.myworkdayjobs.com/pt-BR/RGE/job/Lencois-Paulista/AN-LOGISTICA-II_R189639-1,Lencois Paulista,Bracell,Site Próprio,2025-10-23 21:26:01.601355,2025-10-24 21:26:01.601355
Técnico(a) Viveiro Florestal - Junior,https://averis.wd3.myworkdayjobs.com/pt-BR/RGE/job/Ava/TEC-VIVEIRO-FLORESTAL-I_R189638,Avaí,Bracell,Site Próprio,2025-10-23 21:26:01.680319,2025-10-24 21:26:01.680319
Analista de Folha de Pagamento Pleno,https://averis.wd3.myworkdayjobs.com/pt-BR/RGE/job/Campinas/Analista-de-Folha-de-Pagamento-Pleno_R189885,Campinas,Bracell,Site Próprio,2025-10-23 21:26:01.763768,2025-10-24 21:26:01.763768
CLP Executive,https://averis.wd3.myworkdayjobs.com/pt-BR/RGE/job/Singapore/CLP-Executive_R190023,Singapore,Bracell,Site Próprio,2025-10-23 21:26:01.870972,2025-10-24 21:26:01.870972
"Engineer,C&I | 热控工程师",https://averis.wd3.myworkdayjobs.com/pt-BR/RGE/job/Yang-Jiang/Engineer-C-I---_R189825,Yang Jiang,Bracell,Site Próprio,2025-10-23 21:26:01.979049,2025-10-24 21:26:01.979049
Secretary | 秘书,https://averis.wd3.myworkdayjobs.com/pt-BR/RGE/job/Yang-Jiang/Secretary---_R189823,Yang Jiang,Bracell,Site Próprio,2025-10-23 21:26:02.101382,2025-10-24 21:26:02.101382
Assistant Brand Manager,https://averis.wd3.myworkdayjobs.com/pt-BR/RGE/job/Singapore/Assistant-Brand-Manager_R189747,Singapore,Bracell,Site Próprio,2025-10-23 21:26:02.174480,2025-10-24 21:26:02.174480
"Operator, Converting",https://averis.wd3.myworkdayjobs.com/pt-BR/RGE/job/Jiangxi/Operator--Converting_R184332,Jiangxi,Bracell,Site Próprio,2025-10-23 21:26:02.255689,2025-10-24 21:26:02.255689
Nombre del cargo - copy - copy,https://cmpc.csod.com/ux/ats/careersite/4/home/requisition/16707?c=cmpc,Chile,CMPC,Site Próprio,2025-10-24 00:00:00,2025-10-24 21:31:00.301096
Coordinador/a de Supply Chain - Perú,https://cmpc.csod.com/ux/ats/careersite/4/home/requisition/16650?c=cmpc,"Lima, Los Olivos, Peru",CMPC,Site Próprio,2025-10-24 00:00:00,2025-10-24 21:31:00.370753
Practicante Profesional de Excelencia Operacional,https://cmpc.csod.com/ux/ats/careersite/4/home/requisition/16719?c=cmpc,Peru,CMPC,Site Próprio,2025-10-23 00:00:00,2025-10-24 21:31:00.426510
Prevencionista de Riesgos - Puente Alto,https://cmpc.csod.com/ux/ats/careersite/4/home/requisition/16617?c=cmpc,"Puente Alto, REGION METROPOLITANA, Chile",CMPC,Site Próprio,2025-10-23 00:00:00,2025-10-24 21:31:00.476441
Encargado/a Prevención de Riesgos - Puente Alto,https://cmpc.csod.com/ux/ats/careersite/4/home/requisition/16489?c=cmpc,"Puente Alto, REGION METROPOLITANA, Chile",CMPC,Site Próprio,2025-10-23 00:00:00,2025-10-24 21:31:00.584221
Ayudante Mecánico - Puente Alto,https://cmpc.csod.com/ux/ats/careersite/4/home/requisition/16345?c=cmpc,"Puente Alto, Chile",CMPC,Site Próprio,2025-10-23 00:00:00,2025-10-24 21:31:00.721027
Nombre del cargo,https://cmpc.csod.com/ux/ats/careersite/4/home/requisition/16661?c=cmpc,"Los Angeles, REGION DEL BIOBIO, Chile",CMPC,Site Próprio,2025-10-22 00:00:00,2025-10-24 21:31:00.783237
AUXILIAR EVENTUAL,https://cmpc.csod.com/ux/ats/careersite/4/home/requisition/16573?c=cmpc,"Til Til, REGIÓN METROPOLITANA, Chile",CMPC,Site Próprio,2025-10-22 00:00:00,2025-10-24 21:31:00.874456
Supervisor/a de Producción,https://cmpc.csod.com/ux/ats/careersite/4/home/requisition/16402?c=cmpc,"Villa Mininco, REGION DE LA ARAUCANÍA, Chile",CMPC,Site Próprio,2025-10-22 00:00:00,2025-10-24 21:31:00.928718
Nombre del cargo,https://cmpc.csod.com/ux/ats/careersite/4/home/requisition/16625?c=cmpc,"Quilicura, REGION METROPOLITANA, Chile",CMPC,Site Próprio,2025-10-20 00:00:00,2025-10-24 21:31:00.978707
Nombre del cargo,https://cmpc.csod.com/ux/ats/careersite/4/home/requisition/16652?c=cmpc,"Puente Alto, Chile",CMPC,Site Próprio,2025-10-17 00:00:00,2025-10-24 21:31:01.016837
Práctica Reclutamiento y Selección - Holding Los Ángeles,https://cmpc.csod.com/ux/ats/careersite/4/home/requisition/16680?c=cmpc,"Los Ángeles, Región del Bio - Bio, Chile",CMPC,Site Próprio,2025-10-16 00:00:00,2025-10-24 21:31:01.073797
Nombre del cargo,https://cmpc.csod.com/ux/ats/careersite/4/home/requisition/16662?c=cmpc,"Til Til, REGIÓN METROPOLITANA, Chile",CMPC,Site Próprio,2025-10-16 00:00:00,2025-10-24 21:31:01.117207
ITO Eléctrico,https://cmpc.csod.com/ux/ats/careersite/4/home/requisition/16342?c=cmpc,"Los Angeles, REGION DEL BIOBIO, Chile",CMPC,Site Próprio,2025-10-16 00:00:00,2025-10-24 21:31:01.173769
Práctica Reclutamiento y Selección - Puente Alto,https://cmpc.csod.com/ux/ats/careersite/4/home/requisition/16648?c=cmpc,"Puente Alto, REGION METROPOLITANA, Chile",CMPC,Site Próprio,2025-10-15 00:00:00,2025-10-24 21:31:01.219014
Supervisor/a Almacén de Materia Prima y Producto Terminado - México,https://cmpc.csod.com/ux/ats/careersite/4/home/requisition/16134?c=cmpc,México,CMPC,Site Próprio,2025-10-15 00:00:00,2025-10-24 21:31:01.264634
Administrativo/a Bodega - Puente Alto,https://cmpc.csod.com/ux/ats/careersite/4/home/requisition/16509?c=cmpc,"Puente Alto, Chile",CMPC,Site Próprio,2025-10-14 00:00:00,2025-10-24 21:31:01.315279
"Familia CMPC 2026: ""Mi Primer Papel""",https://cmpc.csod.com/ux/ats/careersite/4/home/requisition/16607?c=cmpc,"Santiago, REGION METROPOLITANA, Chile",CMPC,Site Próprio,2025-10-13 00:00:00,2025-10-24 21:31:01.416715
"Programa de Prácticas y Memorias 2026: ""Mi Primer Papel""",https://cmpc.csod.com/ux/ats/careersite/4/home/requisition/16606?c=cmpc,"Santiago, REGION METROPOLITANA, Chile",CMPC,Site Próprio,2025-10-13 00:00:00,2025-10-24 21:31:01.478703
Práctica - Prevención de Riesgos,https://cmpc.csod.com/ux/ats/careersite/4/home/requisition/16597?c=cmpc,"Quilicura, REGION METROPOLITANA, Chile",CMPC,Site Próprio,2025-10-13 00:00:00,2025-10-24 21:31:01.550806
Ingeniero Estudios,https://cmpc.csod.com/ux/ats/careersite/4/home/requisition/15983?c=cmpc,"Santiago, REGION METROPOLITANA, Chile",CMPC,Site Próprio,2025-10-09 00:00:00,2025-10-24 21:31:01.600006
Analista senior de costos y gastos,https://cmpc.csod.com/ux/ats/careersite/4/home/requisition/16619?c=cmpc,"ZARATE, BUENOS AIRES, Argentina",CMPC,Site Próprio,2025-10-08 00:00:00,2025-10-24 21:31:01.648421
Planificador/a Mecánico - Yerbas Buenas,https://cmpc.csod.com/ux/ats/careersite/4/home/requisition/16417?c=cmpc,"Yerbas Buenas, REGION DEL MAULE, Chile",CMPC,Site Próprio,2025-10-06 00:00:00,2025-10-24 21:31:01.698662
Eléctrico/a Día - Puente Alto,https://cmpc.csod.com/ux/ats/careersite/4/home/requisition/16449?c=cmpc,"SANTIAGO, SANTIAGO, Chile",CMPC,Site Próprio,2025-10-01 00:00:00,2025-10-24 21:31:01.741318
Analista de Contabilidad,https://cmpc.csod.com/ux/ats/careersite/4/home/requisition/16530?c=cmpc,"Malvinas Argentinas, Argentina",CMPC,Site Próprio,2025-09-25 00:00:00,2025-10-24 21:31:01.791111
Assistente Administrativo II (Segurança do Trabalho - SESTR) | Diretoria Florestal | Três Lagoas/MS,"https://www.glassdoor.com.br/job-listing/assistente-administrativo-ii-seguran%C3%A7a-do-trabalho-sestr-diretoria-florestal-tr%C3%AAs-lagoas-ms-eldorado-brasil-JV_IC2486261_KO0,91_KE92,107.htm?jl=1009926230620","Três Lagoas, Mato Grosso do Sul",Eldorado,Glassdoor,2025-11-02 20:59:43.668535,2025-11-18 20:59:43.668535
Estágio - TI - Infraestrutura | Diretoria TI,"https://www.glassdoor.com.br/job-listing/est%C3%A1gio-ti-infraestrutura-diretoria-ti-programa-super-talentos-JV_IC2464116_KO0,38_KE39,62.htm?jl=1009934371475","Santos, São Paulo",Eldorado,Glassdoor,2025-11-10 20:59:43.777423,2025-11-18 20:59:43.777423
Analista Recursos Humanos I (Benefícios) | Diretoria RH,"https://www.glassdoor.com.br/job-listing/analista-recursos-humanos-i-benef%C3%ADcios-diretoria-rh-eldorado-brasil-JV_IC2479061_KO0,51_KE52,67.htm?jl=1009936010219","São Paulo, São Paulo",Eldorado,Glassdoor,2025-11-11 20:59:43.861383,2025-11-18 20:59:43.861383
Estágio - Financeiro | Diretoria Financeira,"https://www.glassdoor.com.br/job-listing/est%C3%A1gio-financeiro-diretoria-financeira-programa-super-talentos-JV_IC2479061_KO0,39_KE40,63.htm?jl=1009933581491","São Paulo, São Paulo",Eldorado,Glassdoor,2025-11-08 20:59:43.957043,2025-11-18 20:59:43.957043
Analista Inventário FRL | Diretoria Florestal - Três Lagoas/MS,"https://www.glassdoor.com.br/job-listing/analista-invent%C3%A1rio-frl-diretoria-florestal-tr%C3%AAs-lagoas-ms-eldorado-brasil-JV_IC2486261_KO0,58_KE59,74.htm?jl=1009932375955","Três Lagoas, Mato Grosso do Sul",Eldorado,Glassdoor,2025-11-07 20:59:44.072280,2025-11-18 20:59:44.072280
Ajudante Florestal | Diretoria Florestal | Inocência/MS,"https://www.glassdoor.com.br/job-listing/ajudante-florestal-diretoria-florestal-inoc%C3%AAncia-ms-eldorado-brasil-JV_IC2496001_KO0,51_KE52,67.htm?jl=1009909179821",Inocência,Eldorado,Glassdoor,2025-10-18 20:59:44.168530,2025-11-18 20:59:44.168530
Monitor/Monitora Florestal | Diretoria Florestal - Três Lagoas/MS,"https://www.glassdoor.com.br/job-listing/monitor-monitora-florestal-diretoria-florestal-tr%C3%AAs-lagoas-ms-eldorado-brasil-JV_IC2486261_KO0,61_KE62,77.htm?jl=1009932377977","Três Lagoas, Mato Grosso do Sul",Eldorado,Glassdoor,2025-11-07 20:59:44.247814,2025-11-18 20:59:44.247814
Ajudante Viveiro | Diretoria Florestal | Andradina/SP,"https://www.glassdoor.com.br/job-listing/ajudante-viveiro-diretoria-florestal-andradina-sp-eldorado-brasil-JV_IC2464176_KO0,49_KE50,65.htm?jl=1009409505256",Andradina,Eldorado,Glassdoor,2025-10-18 20:59:44.333627,2025-11-18 20:59:44.333627
Ajudante Florestal | Diretoria Florestal | Água Clara/MS,"https://www.glassdoor.com.br/job-listing/ajudante-florestal-diretoria-florestal-%C3%A1gua-clara-ms-eldorado-brasil-JV_IC2486960_KO0,52_KE53,68.htm?jl=1009909179842","Água Clara, Mato Grosso do Sul",Eldorado,Glassdoor,2025-10-18 20:59:44.416710,2025-11-18 20:59:44.416710
Analista Cadastro Materiais I (Gestão de Materiais e Serviços) | Diretoria Florestal | Três Lagoas/MS,"https://www.glassdoor.com.br/job-listing/analista-cadastro-materiais-i-gest%C3%A3o-de-materiais-e-servi%C3%A7os-diretoria-florestal-tr%C3%AAs-lagoas-ms-eldorado-brasil-JV_IC2486261_KO0,95_KE96,111.htm?jl=1009916089297","Três Lagoas, Mato Grosso do Sul",Eldorado,Glassdoor,2025-10-23 20:59:44.501768,2025-11-18 20:59:44.501768
Estágio - TI | Diretoria TI,"https://www.glassdoor.com.br/job-listing/est%C3%A1gio-ti-diretoria-ti-programa-super-talentos-JV_IC2486261_KO0,23_KE24,47.htm?jl=1009933581559","Três Lagoas, Mato Grosso do Sul",Eldorado,Glassdoor,2025-11-08 20:59:44.583406,2025-11-18 20:59:44.583406
Especialista Competitividade Florestal (Melhoria de Processos) | Diretoria Florestal,"https://www.glassdoor.com.br/job-listing/especialista-competitividade-florestal-melhoria-de-processos-diretoria-florestal-eldorado-brasil-JV_IC2486261_KO0,80_KE81,96.htm?jl=1009917787207","Três Lagoas, Mato Grosso do Sul",Eldorado,Glassdoor,2025-10-24 20:59:44.695467,2025-11-18 20:59:44.695467
Estágio - Desenvolvimento Técnico | Diretoria Comercial e Logística,"https://www.glassdoor.com.br/job-listing/est%C3%A1gio-desenvolvimento-t%C3%A9cnico-diretoria-comercial-e-log%C3%ADstica-programa-super-talentos-JV_IC2479061_KO0,63_KE64,87.htm?jl=1009934371463","São Paulo, São Paulo",Eldorado,Glassdoor,2025-11-10 20:59:44.776202,2025-11-18 20:59:44.776202
Operador/ Operadora Trator | Diretoria Florestal | Inocência/MS,"https://www.glassdoor.com.br/job-listing/operador-operadora-trator-diretoria-florestal-inoc%C3%AAncia-ms-eldorado-brasil-JV_IC2496001_KO0,58_KE59,74.htm?jl=1009320333346",Inocência,Eldorado,Glassdoor,2025-10-18 20:59:44.845705,2025-11-18 20:59:44.845705
Líder Operações Florestais | Diretoria Florestal,"https://www.glassdoor.com.br/job-listing/l%C3%ADder-opera%C3%A7%C3%B5es-florestais-diretoria-florestal-eldorado-brasil-JV_IC4147246_KO0,46_KE47,62.htm?jl=1009932750220",Selvíria,Eldorado,Glassdoor,2025-11-07 20:59:44.916319,2025-11-18 20:59:44.916319
Estágio - Shipping Container | Diretoria Comercial e Logística,"https://www.glassdoor.com.br/job-listing/est%C3%A1gio-shipping-container-diretoria-comercial-e-log%C3%ADstica-programa-super-talentos-JV_IC2479061_KO0,58_KE59,82.htm?jl=1009934371479","São Paulo, São Paulo",Eldorado,Glassdoor,2025-11-10 20:59:45.013642,2025-11-18 20:59:45.013642
Motorista Ambulância | Diretoria RH - Três Lagoas/MS,"https://www.glassdoor.com.br/job-listing/motorista-ambul%C3%A2ncia-diretoria-rh-tr%C3%AAs-lagoas-ms-eldorado-brasil-JV_IC2486261_KO0,48_KE49,64.htm?jl=1009935047813","Três Lagoas, Mato Grosso do Sul",Eldorado,Glassdoor,2025-11-10 20:59:45.115819,2025-11-18 20:59:45.115819
Supervisor/ Supervisora Manutenção Mecânica | Diretoria Transportadora | Três Lagoas/MS,"https://www.glassdoor.com.br/job-listing/supervisor-supervisora-manuten%C3%A7%C3%A3o-mec%C3%A2nica-diretoria-transportadora-tr%C3%AAs-lagoas-ms-eldorado-brasil-JV_IC2486261_KO0,82_KE83,98.htm?jl=1009930300494","Três Lagoas, Mato Grosso do Sul",Eldorado,Glassdoor,2025-11-05 20:59:45.207052,2025-11-18 20:59:45.207052
Estágio - Controladoria | Diretoria Comercial e Logística,"https://www.glassdoor.com.br/job-listing/est%C3%A1gio-controladoria-diretoria-comercial-e-log%C3%ADstica-programa-super-talentos-JV_IC2464116_KO0,53_KE54,77.htm?jl=1009934371495","Santos, São Paulo",Eldorado,Glassdoor,2025-11-10 20:59:45.285950,2025-11-18 20:59:45.285950
Estágio - Controle Florestal | Diretoria Florestal,"https://www.glassdoor.com.br/job-listing/est%C3%A1gio-controle-florestal-diretoria-florestal-programa-super-talentos-JV_IC2486261_KO0,46_KE47,70.htm?jl=1009934066267","Três Lagoas, Mato Grosso do Sul",Eldorado,Glassdoor,2025-11-09 20:59:45.363557,2025-11-18 20:59:45.363557
Estágio - Gestão de Ativos | Diretoria Florestal,"https://www.glassdoor.com.br/job-listing/est%C3%A1gio-gest%C3%A3o-de-ativos-diretoria-florestal-programa-super-talentos-JV_IC2486261_KO0,44_KE45,68.htm?jl=1009934066273","Três Lagoas, Mato Grosso do Sul",Eldorado,Glassdoor,2025-11-09 20:59:45.479592,2025-11-18 20:59:45.479592
Estágio - Obras e Manutenção Complementar | Diretoria Florestal,"https://www.glassdoor.com.br/job-listing/est%C3%A1gio-obras-e-manuten%C3%A7%C3%A3o-complementar-diretoria-florestal-programa-super-talentos-JV_IC2486261_KO0,59_KE60,83.htm?jl=1009934371497","Três Lagoas, Mato Grosso do Sul",Eldorado,Glassdoor,2025-11-10 20:59:45.554201,2025-11-18 20:59:45.554201
Estágio - TI – área de Governança de TI | Diretoria TI,"https://www.glassdoor.com.br/job-listing/est%C3%A1gio-ti-%C3%A1rea-de-governan%C3%A7a-de-ti-diretoria-ti-programa-super-talentos-JV_IC2486261_KO0,48_KE49,72.htm?jl=1009934371460","Três Lagoas, Mato Grosso do Sul",Eldorado,Glassdoor,2025-11-10 20:59:45.630442,2025-11-18 20:59:45.630442
Estágio - Pesquisa e Proteção Florestal | Diretoria Florestal,"https://www.glassdoor.com.br/job-listing/est%C3%A1gio-pesquisa-e-prote%C3%A7%C3%A3o-florestal-diretoria-florestal-programa-super-talentos-JV_IC2464176_KO0,57_KE58,81.htm?jl=1009934066266",Andradina,Eldorado,Glassdoor,2025-11-09 20:59:45.718211,2025-11-18 20:59:45.718211
Estágio - Logística Florestal | Diretoria Florestal,"https://www.glassdoor.com.br/job-listing/est%C3%A1gio-log%C3%ADstica-florestal-diretoria-florestal-programa-super-talentos-JV_IC2486261_KO0,47_KE48,71.htm?jl=1009934066282","Três Lagoas, Mato Grosso do Sul",Eldorado,Glassdoor,2025-11-09 20:59:45.794971,2025-11-18 20:59:45.794971
Estágio - Logística - Transporte de Madeira | Diretoria Transportadora,"https://www.glassdoor.com.br/job-listing/est%C3%A1gio-log%C3%ADstica-transporte-de-madeira-diretoria-transportadora-programa-super-talentos-JV_IC2486261_KO0,64_KE65,88.htm?jl=1009934371459","Três Lagoas, Mato Grosso do Sul",Eldorado,Glassdoor,2025-11-10 20:59:45.858675,2025-11-18 20:59:45.858675
Motorista Tritrem | Diretoria Transportadora | Três Lagoas/MS,"https://www.glassdoor.com.br/job-listing/motorista-tritrem-diretoria-transportadora-tr%C3%AAs-lagoas-ms-eldorado-brasil-JV_IC2486261_KO0,57_KE58,73.htm?jl=1009873005973","Três Lagoas, Mato Grosso do Sul",Eldorado,Glassdoor,2025-10-18 20:59:45.939866,2025-11-18 20:59:45.939866
Especialista Competitividade | Diretoria Transportadora | Três Lagoas/MS,"https://www.glassdoor.com.br/job-listing/especialista-competitividade-diretoria-transportadora-tr%C3%AAs-lagoas-ms-eldorado-brasil-JV_IC2486261_KO0,68_KE69,84.htm?jl=1009895521142","Três Lagoas, Mato Grosso do Sul",Eldorado,Glassdoor,2025-10-18 20:59:46.016475,2025-11-18 20:59:46.016475
Estágio - Engenharia Industrial | Diretoria Industrial,"https://www.glassdoor.com.br/job-listing/est%C3%A1gio-engenharia-industrial-diretoria-industrial-programa-super-talentos-JV_IC2486261_KO0,50_KE51,74.htm?jl=1009934371496","Três Lagoas, Mato Grosso do Sul",Eldorado,Glassdoor,2025-11-10 20:59:46.108590,2025-11-18 20:59:46.108590
Estágio - Logística do Mercado Interno | Diretoria Comercial e Logística,"https://www.glassdoor.com.br/job-listing/est%C3%A1gio-log%C3%ADstica-do-mercado-interno-diretoria-comercial-e-log%C3%ADstica-programa-super-talentos-JV_IC2486261_KO0,68_KE69,92.htm?jl=1009933581524","Três Lagoas, Mato Grosso do Sul",Eldorado,Glassdoor,2025-11-08 20:59:46.177678,2025-11-18 20:59:46.177678
Estágio - Confiabilidade | Diretoria Industrial,"https://www.glassdoor.com.br/job-listing/est%C3%A1gio-confiabilidade-diretoria-industrial-programa-super-talentos-JV_IC2486261_KO0,43_KE44,67.htm?jl=1009934371493","Três Lagoas, Mato Grosso do Sul",Eldorado,Glassdoor,2025-11-10 20:59:46.268167,2025-11-18 20:59:46.268167
Estágio - Logística e Torre de Controle | Diretoria Transportadora,"https://www.glassdoor.com.br/job-listing/est%C3%A1gio-log%C3%ADstica-e-torre-de-controle-diretoria-transportadora-programa-super-talentos-JV_IC2486261_KO0,62_KE63,86.htm?jl=1009934371464","Três Lagoas, Mato Grosso do Sul",Eldorado,Glassdoor,2025-11-10 20:59:46.341886,2025-11-18 20:59:46.341886
Estágio - Engenharia de Manutenção Elétrica - Confiabilidade | Diretoria Industrial,"https://www.glassdoor.com.br/job-listing/est%C3%A1gio-engenharia-de-manuten%C3%A7%C3%A3o-el%C3%A9trica-confiabilidade-diretoria-industrial-programa-super-talentos-JV_IC2486261_KO0,77_KE78,101.htm?jl=1009933581600","Três Lagoas, Mato Grosso do Sul",Eldorado,Glassdoor,2025-11-08 20:59:46.412431,2025-11-18 20:59:46.412431
Operador/ Operadora Grua Transporte | Diretoria Florestal | Três Lagoas/MS,"https://www.glassdoor.com.br/job-listing/operador-operadora-grua-transporte-diretoria-florestal-tr%C3%AAs-lagoas-ms-eldorado-brasil-JV_IC2486261_KO0,69_KE70,85.htm?jl=1009890979797","Três Lagoas, Mato Grosso do Sul",Eldorado,Glassdoor,2025-10-18 20:59:46.482692,2025-11-18 20:59:46.482692
Oficial Cozinha | Diretoria Industrial - Três Lagoas/MS,"https://www.glassdoor.com.br/job-listing/oficial-cozinha-diretoria-industrial-tr%C3%AAs-lagoas-ms-eldorado-brasil-JV_IC2486261_KO0,51_KE52,67.htm?jl=1009938666741","Três Lagoas, Mato Grosso do Sul",Eldorado,Glassdoor,2025-11-13 20:59:46.549952,2025-11-18 20:59:46.549952
Estágio - Pesquisa e Nutrição | Diretoria Florestal,"https://www.glassdoor.com.br/job-listing/est%C3%A1gio-pesquisa-e-nutri%C3%A7%C3%A3o-diretoria-florestal-programa-super-talentos-JV_IC2464176_KO0,47_KE48,71.htm?jl=1009933581460",Andradina,Eldorado,Glassdoor,2025-11-08 20:59:46.612849,2025-11-18 20:59:46.612849
Estágio - Engenharia de Manutenção Mecânica - Confiabilidade | Diretoria Industrial,"https://www.glassdoor.com.br/job-listing/est%C3%A1gio-engenharia-de-manuten%C3%A7%C3%A3o-mec%C3%A2nica-confiabilidade-diretoria-industrial-programa-super-talentos-JV_IC2486261_KO0,77_KE78,101.htm?jl=1009934371458","Três Lagoas, Mato Grosso do Sul",Eldorado,Glassdoor,2025-11-10 20:59:46.687573,2025-11-18 20:59:46.687573
Especialista Nutrição e Manejo | Diretoria Florestal | Andradina/SP,"https://www.glassdoor.com.br/job-listing/especialista-nutri%C3%A7%C3%A3o-e-manejo-diretoria-florestal-andradina-sp-eldorado-brasil-JV_IC2464176_KO0,63_KE64,79.htm?jl=1009831650861",Andradina,Eldorado,Glassdoor,2025-10-18 20:59:46.759891,2025-11-18 20:59:46.759891
Banco de Talentos,https://ldcelulose.gupy.io/jobs/209387?jobBoardSource=gupy_public_page,Indianópolis - MG e Remoto,LD Celulose,Gupy,2020-04-30 00:00:00,2025-11-18 21:01:49.039689
Banco de Talentos (Pessoas com Deficiência),https://ldcelulose.gupy.io/jobs/824061?jobBoardSource=gupy_public_page,Indianópolis - MG e Remoto,LD Celulose,Gupy,2021-04-22 00:00:00,2025-11-18 21:02:07.694991
Coordenadora ou Coordenador de Produção de Recuperação Química,https://ldcelulose.gupy.io/jobs/6607242?jobBoardSource=gupy_public_page,Indianópolis - MG,LD Celulose,Gupy,2025-11-07 00:00:00,2025-11-18 21:02:23.607806
Estágio - Colheita Florestal,https://ldcelulose.gupy.io/jobs/10299483?jobBoardSource=gupy_public_page,Indianópolis - MG,LD Celulose,Gupy,2025-11-10 00:00:00,2025-11-18 21:02:38.912666
Estágio - Relacionamento com Investidores,https://ldcelulose.gupy.io/jobs/10253852?jobBoardSource=gupy_public_page,Indianópolis - MG,LD Celulose,Gupy,2025-11-04 00:00:00,2025-11-18 21:02:54.102429
Ajudante Florestal | Diretoria Florestal | Água Clara/MS,https://vagaseldoradobrasil.gupy.io/jobs/10119574?jobBoardSource=gupy_public_page,Água Clara - MS,Eldorado,Gupy,2025-10-16 00:00:00,2025-11-18 21:02:06.034345
Ajudante Florestal | Diretoria Florestal | Inocência/MS,https://vagaseldoradobrasil.gupy.io/jobs/10119558?jobBoardSource=gupy_public_page,Inocência - MS,Eldorado,Gupy,2025-10-16 00:00:00,2025-11-18 21:02:21.807742
Ajudante Viveiro | Diretoria Florestal | Andradina/SP,https://vagaseldoradobrasil.gupy.io/jobs/6945795?jobBoardSource=gupy_public_page,Andradina - SP,Eldorado,Gupy,2024-08-16 00:00:00,2025-11-18 21:02:37.076688
Analista Cadastro Materiais I (Gestão de Materiais e Serviços) | Diretoria Florestal | Três Lagoas/MS,https://vagaseldoradobrasil.gupy.io/jobs/9922716?jobBoardSource=gupy_public_page,Três Lagoas - MS,Eldorado,Gupy,2025-10-22 00:00:00,2025-11-18 21:02:52.183024
Analista Inventário FRL | Diretoria Florestal - Três Lagoas/MS,https://vagaseldoradobrasil.gupy.io/jobs/10247691?jobBoardSource=gupy_public_page,Três Lagoas - MS,Eldorado,Gupy,2025-11-06 00:00:00,2025-11-18 21:03:05.911912
Analista Logistica II | Diretoria Comercial - Três Lagoas/MS,https://vagaseldoradobrasil.gupy.io/jobs/10247798?jobBoardSource=gupy_public_page,Três Lagoas - MS,Eldorado,Gupy,2025-11-05 00:00:00,2025-11-18 21:03:19.182047
Analista Recursos Humanos I (Benefícios) | Diretoria RH,https://vagaseldoradobrasil.gupy.io/jobs/10245284?jobBoardSource=gupy_public_page,São Paulo - SP,Eldorado,Gupy,2025-11-07 00:00:00,2025-11-18 21:03:32.151440
Assistente Administrativo II (Segurança do Trabalho - SESTR) | Diretoria Florestal | Três Lagoas/MS,https://vagaseldoradobrasil.gupy.io/jobs/10132962?jobBoardSource=gupy_public_page,Três Lagoas - MS,Eldorado,Gupy,2025-10-31 00:00:00,2025-11-18 21:03:45.178999
Banco de Talentos | Jovem Aprendiz Administrativo | Diretoria de RH - Três Lagoas/MS,https://vagaseldoradobrasil.gupy.io/jobs/10318397?jobBoardSource=gupy_public_page,Três Lagoas - MS,Eldorado,Gupy,2025-11-12 00:00:00,2025-11-18 21:03:57.921654
Banco de Talentos | Pessoas 50+,https://vagaseldoradobrasil.gupy.io/jobs/6050358?jobBoardSource=gupy_public_page,Três Lagoas - MS,Eldorado,Gupy,2023-11-24 00:00:00,2025-11-18 21:04:10.471366
Analista Facilities Sr.,https://www.linkedin.com/jobs/view/4336101362/?eBP=NON_CHARGEABLE_CHANNEL&refId=B1ziNyDt7xv72iUHzMjLrg%3D%3D&trackingId=12QhUu6E%2FNyGDfpUpp%2F0pw%3D%3D&trk=flagship3_search_srp_jobs,"São Paulo, Brasil (Presencial)",Arauco,LinkedIn,2025-11-18 21:05:36.718538,2025-11-18 21:05:36.718538
Coordenador de Gestão de Pessoas,https://www.linkedin.com/jobs/view/4336812476/?eBP=NON_CHARGEABLE_CHANNEL&refId=B1ziNyDt7xv72iUHzMjLrg%3D%3D&trackingId=%2Frd3mFv3Pu0a5ae9Tqky1w%3D%3D&trk=flagship3_search_srp_jobs,"São Paulo, Brasil (Presencial)",Arauco,LinkedIn,2025-11-18 21:04:52.334906,2025-11-18 21:05:37.150545
Operador(a) Painel Caldeira de Força e ETAC,https://www.linkedin.com/jobs/view/4333877513/?eBP=NON_CHARGEABLE_CHANNEL&refId=B1ziNyDt7xv72iUHzMjLrg%3D%3D&trackingId=VaMGvOnHmrSLEhtE007b1A%3D%3D&trk=flagship3_search_srp_jobs,"Inocência, Mato Grosso do Sul, Brasil (Presencial)",Arauco,LinkedIn,2025-11-04 21:04:52.334906,2025-11-18 21:05:37.700895
Especialista Suprimentos - Matéria Prima,https://www.linkedin.com/jobs/view/4336771281/?eBP=NON_CHARGEABLE_CHANNEL&refId=B1ziNyDt7xv72iUHzMjLrg%3D%3D&trackingId=S90zeryL%2FI90qqA6GilsLg%3D%3D&trk=flagship3_search_srp_jobs,"São Paulo, Brasil (Presencial)",Arauco,LinkedIn,2025-11-17 21:04:52.334906,2025-11-18 21:05:38.319886
Operador(a) Painel de ETA  e ETE,https://www.linkedin.com/jobs/view/4333758452/?eBP=NON_CHARGEABLE_CHANNEL&refId=B1ziNyDt7xv72iUHzMjLrg%3D%3D&trackingId=BRM4gnWEqBHaoj4FLuFlCg%3D%3D&trk=flagship3_search_srp_jobs,"Inocência, Mato Grosso do Sul, Brasil (Presencial)",Arauco,LinkedIn,2025-11-04 21:04:52.334906,2025-11-18 21:05:38.773818
Consultor(a) de Preparo de Madeiras,https://www.linkedin.com/jobs/view/4335524588/?eBP=NON_CHARGEABLE_CHANNEL&refId=B1ziNyDt7xv72iUHzMjLrg%3D%3D&trackingId=8pVXAFRPdhCKzsjgjlbHgQ%3D%3D&trk=flagship3_search_srp_jobs,"Inocência, Mato Grosso do Sul, Brasil (Presencial)",Arauco,LinkedIn,2025-11-11 21:04:52.334906,2025-11-18 21:05:39.375828
Especialista de Logística - Planejamento S&OE,https://www.linkedin.com/jobs/view/4335959619/?eBP=NON_CHARGEABLE_CHANNEL&refId=B1ziNyDt7xv72iUHzMjLrg%3D%3D&trackingId=USwmoNKhOJvsKd%2FvotV8ag%3D%3D&trk=flagship3_search_srp_jobs,"São Paulo, Brasil (Presencial)",Arauco,LinkedIn,2025-11-14 21:04:52.334906,2025-11-18 21:05:39.809383
Especialista em Tecnologia da Informação,https://www.linkedin.com/jobs/view/4336880562/?eBP=NON_CHARGEABLE_CHANNEL&refId=B1ziNyDt7xv72iUHzMjLrg%3D%3D&trackingId=yrj8NSJtk%2F0HodG5lQ8r0g%3D%3D&trk=flagship3_search_srp_jobs,"Três Lagoas, Mato Grosso do Sul, Brasil (Presencial)",Arauco,LinkedIn,2025-11-18 21:04:52.334906,2025-11-18 21:05:40.576840
Analista de Controles Florestais Pleno,https://www.linkedin.com/jobs/view/4336040966/?eBP=NON_CHARGEABLE_CHANNEL&refId=B1ziNyDt7xv72iUHzMjLrg%3D%3D&trackingId=v5PSSxSJRU%2F%2F4Jz8g3niAA%3D%3D&trk=flagship3_search_srp_jobs,"Três Lagoas, Mato Grosso do Sul, Brasil (Presencial)",Arauco,LinkedIn,2025-11-13 21:04:52.334906,2025-11-18 21:05:41.010370
Operador(a) de Produção de Painéis,https://www.linkedin.com/jobs/view/4333237599/?eBP=NON_CHARGEABLE_CHANNEL&refId=B1ziNyDt7xv72iUHzMjLrg%3D%3D&trackingId=vEc7rXGqT101ff4%2FJzo1pQ%3D%3D&trk=flagship3_search_srp_jobs,"Ponta Grossa, Paraná, Brasil (Presencial)",Arauco,LinkedIn,2025-11-04 21:04:52.334906,2025-11-18 21:05:41.539660
Assistente administrativo,https://www.linkedin.com/jobs/view/4334617314/?eBP=NON_CHARGEABLE_CHANNEL&refId=B1ziNyDt7xv72iUHzMjLrg%3D%3D&trackingId=MTQ855D%2BV7JFTdw6nIZ60w%3D%3D&trk=flagship3_search_srp_jobs,"Inocência, Mato Grosso do Sul, Brasil (Presencial)",Arauco,LinkedIn,2025-11-11 21:04:52.334906,2025-11-18 21:05:42.024566
Analista de PPCM Florestal PL,https://www.linkedin.com/jobs/view/4336943288/?eBP=NON_CHARGEABLE_CHANNEL&refId=B1ziNyDt7xv72iUHzMjLrg%3D%3D&trackingId=1%2BG%2FmuOpM%2FxaB83rJ2w%2Bow%3D%3D&trk=flagship3_search_srp_jobs,"Três Lagoas, Mato Grosso do Sul, Brasil (Presencial)",Arauco,LinkedIn,2025-11-18 21:04:52.334906,2025-11-18 21:05:42.555190
Especialista De Manutenção,https://www.linkedin.com/jobs/view/4334108933/?eBP=NON_CHARGEABLE_CHANNEL&refId=B1ziNyDt7xv72iUHzMjLrg%3D%3D&trackingId=lvUXszE10ZFGbxfrzEJRUQ%3D%3D&trk=flagship3_search_srp_jobs,"Três Lagoas, Mato Grosso do Sul, Brasil (Presencial)",Arauco,LinkedIn,2025-11-04 21:04:52.334906,2025-11-18 21:05:43.010163
Analista de Tesouraria Sr,https://www.linkedin.com/jobs/view/4335993710/?eBP=NON_CHARGEABLE_CHANNEL&refId=B1ziNyDt7xv72iUHzMjLrg%3D%3D&trackingId=ZKRS7cjJLsy54JlWPPCocQ%3D%3D&trk=flagship3_search_srp_jobs,"Curitiba, Paraná, Brasil (Híbrido)",Arauco,LinkedIn,2025-11-13 21:04:52.334906,2025-11-18 21:05:43.614404
Assistente Administrativo Sênior,https://www.linkedin.com/jobs/view/4318297011/?eBP=NON_CHARGEABLE_CHANNEL&refId=B1ziNyDt7xv72iUHzMjLrg%3D%3D&trackingId=mAN2QrYoDQjSoVZP5N1e3A%3D%3D&trk=flagship3_search_srp_jobs,"Chapadão do Sul, Mato Grosso do Sul, Brasil (Presencial)",Arauco,LinkedIn,2025-10-28 21:04:52.334906,2025-11-18 21:05:44.098586
Analista Gestão de Pessoas Sr.,https://www.linkedin.com/jobs/view/4318275451/?eBP=NON_CHARGEABLE_CHANNEL&refId=B1ziNyDt7xv72iUHzMjLrg%3D%3D&trackingId=NidPY9VL1yaUxJMAMro4Iw%3D%3D&trk=flagship3_search_srp_jobs,"Três Lagoas, Mato Grosso do Sul, Brasil (Presencial)",Arauco,LinkedIn,2025-10-28 21:04:52.334906,2025-11-18 21:05:44.622027
Consultor Manutenção Mecânica,https://www.linkedin.com/jobs/view/4333911248/?eBP=NON_CHARGEABLE_CHANNEL&refId=B1ziNyDt7xv72iUHzMjLrg%3D%3D&trackingId=Lgf7r9gbuE67FF%2BnziEFGA%3D%3D&trk=flagship3_search_srp_jobs,"Inocência, Mato Grosso do Sul, Brasil (Presencial)",Arauco,LinkedIn,2025-11-04 21:04:52.334906,2025-11-18 21:05:45.075044
Líder florestal,https://www.linkedin.com/jobs/view/4336597936/?eBP=NON_CHARGEABLE_CHANNEL&refId=B1ziNyDt7xv72iUHzMjLrg%3D%3D&trackingId=wxhlPXcWGgXFI0GJHM5cTA%3D%3D&trk=flagship3_search_srp_jobs,"Inocência, Mato Grosso do Sul, Brasil (Presencial)",Arauco,LinkedIn,2025-11-18 21:04:52.334906,2025-11-18 21:05:45.703801
Analista de suprimentos Pleno - Comprador,https://www.linkedin.com/jobs/view/4332781269/?eBP=NON_CHARGEABLE_CHANNEL&refId=B1ziNyDt7xv72iUHzMjLrg%3D%3D&trackingId=dO7irkcm23wh0q6c3r7R%2Bg%3D%3D&trk=flagship3_search_srp_jobs,"Paranaíba, Mato Grosso do Sul, Brasil (Presencial)",Arauco,LinkedIn,2025-10-28 21:04:52.334906,2025-11-18 21:05:46.187075
Coordenador(a) de Suprimentos – Suporte a Compras,https://www.linkedin.com/jobs/view/4317322788/?eBP=NON_CHARGEABLE_CHANNEL&refId=B1ziNyDt7xv72iUHzMjLrg%3D%3D&trackingId=qL4m3J51A4nQgIipdazrtQ%3D%3D&trk=flagship3_search_srp_jobs,"São Paulo, Brasil (Presencial)",Arauco,LinkedIn,2025-10-21 21:04:52.334906,2025-11-18 21:05:46.899828
Especialista em Confiabilidade,https://www.linkedin.com/jobs/view/4334069626/?eBP=NON_CHARGEABLE_CHANNEL&refId=B1ziNyDt7xv72iUHzMjLrg%3D%3D&trackingId=K09kC1JOvxlvNRptHxFh8A%3D%3D&trk=flagship3_search_srp_jobs,"Três Lagoas, Mato Grosso do Sul, Brasil (Presencial)",Arauco,LinkedIn,2025-11-04 21:04:52.334906,2025-11-18 21:05:47.399501
Líder Florestal II,https://www.linkedin.com/jobs/view/4317873477/?eBP=NON_CHARGEABLE_CHANNEL&refId=B1ziNyDt7xv72iUHzMjLrg%3D%3D&trackingId=c7FnBR6LlySJuNzX8HhXPg%3D%3D&trk=flagship3_search_srp_jobs,"Inocência, Mato Grosso do Sul, Brasil (Presencial)",Arauco,LinkedIn,2025-10-21 21:04:52.334906,2025-11-18 21:05:47.970931
Gerente Gestão de Pessoas (Industrial),https://www.linkedin.com/jobs/view/4334130543/?eBP=NON_CHARGEABLE_CHANNEL&refId=B1ziNyDt7xv72iUHzMjLrg%3D%3D&trackingId=n2UKWzS8uW6V5VoSTIvq2w%3D%3D&trk=flagship3_search_srp_jobs,"Inocência, Mato Grosso do Sul, Brasil (Presencial)",Arauco,LinkedIn,2025-11-04 21:04:52.334906,2025-11-18 21:05:48.444359
Técnico de Manutenção Elétrica,https://www.linkedin.com/jobs/view/4333128172/?eBP=NON_CHARGEABLE_CHANNEL&refId=B1ziNyDt7xv72iUHzMjLrg%3D%3D&trackingId=pzdavSBoAi9ac91u2P2e%2BQ%3D%3D&trk=flagship3_search_srp_jobs,"Araucária, Paraná, Brasil (Presencial)",Arauco,LinkedIn,2025-11-04 21:04:52.334906,2025-11-18 21:05:48.828144
Analista de suprimentos Sênior - Comprador,https://www.linkedin.com/jobs/view/4332471023/?eBP=NON_CHARGEABLE_CHANNEL&refId=B1ziNyDt7xv72iUHzMjLrg%3D%3D&trackingId=7Beo%2FN3UPh%2Fg15eA%2BIdtEA%3D%3D&trk=flagship3_search_srp_jobs,"Paranaíba, Mato Grosso do Sul, Brasil (Presencial)",Arauco,LinkedIn,2025-10-28 21:04:52.334906,2025-11-18 21:05:49.542251
Gerente Funcional Mecânica Recuperação e Utilidades,https://www.linkedin.com/jobs/view/4333849713/?eBP=NON_CHARGEABLE_CHANNEL&refId=6QF4Eo8CxowHPDM6jvPZ3g%3D%3D&trackingId=X9iHnS4oQWehdHfUOGIhKA%3D%3D&trk=flagship3_search_srp_jobs,"Inocência, Mato Grosso do Sul, Brasil (Presencial)",Arauco,LinkedIn,2025-11-04 21:04:52.334906,2025-11-18 21:06:01.784144
Gerente Funcional Elétrica e Instrumentação Recuperação,https://www.linkedin.com/jobs/view/4333879444/?eBP=NON_CHARGEABLE_CHANNEL&refId=6QF4Eo8CxowHPDM6jvPZ3g%3D%3D&trackingId=XtEt0JsQpfeGB6X1mFzuNw%3D%3D&trk=flagship3_search_srp_jobs,"Inocência, Mato Grosso do Sul, Brasil (Presencial)",Arauco,LinkedIn,2025-11-04 21:04:52.334906,2025-11-18 21:06:02.126628
BANCO DE TALENTOS - Mulheres na Operação e Manutenção,https://www.linkedin.com/jobs/view/4314397950/?eBP=NON_CHARGEABLE_CHANNEL&refId=64lNhyzIAm3IF7adu7q%2F1w%3D%3D&trackingId=sjmhFLj64bJ5vV3q4ACd2w%3D%3D&trk=flagship3_search_srp_jobs,"Camaçari, Bahia, Brasil (Presencial)",Bracell,LinkedIn,2025-11-18 21:06:55.204160,2025-11-18 21:06:55.204160
BANCO DE TALENTOS - Pessoa com Deficiência,https://www.linkedin.com/jobs/view/4314919330/?eBP=NON_CHARGEABLE_CHANNEL&refId=64lNhyzIAm3IF7adu7q%2F1w%3D%3D&trackingId=cPXb998zcwoDKvqMMU4sSg%3D%3D&trk=flagship3_search_srp_jobs,"Camaçari, Bahia, Brasil (Presencial)",Bracell,LinkedIn,2025-11-11 21:04:52.334906,2025-11-18 21:06:55.577454
Analista de RH Pleno - T&D,https://www.linkedin.com/jobs/view/4340924820/?eBP=NON_CHARGEABLE_CHANNEL&refId=64lNhyzIAm3IF7adu7q%2F1w%3D%3D&trackingId=%2F1Q9CY27SGoNzvkNFiVBOg%3D%3D&trk=flagship3_search_srp_jobs,"Camaçari, Bahia, Brasil (Presencial)",Bracell,LinkedIn,2025-11-17 21:04:52.334906,2025-11-18 21:06:56.066136
BANCO DE TALENTOS - Pessoa com Deficiência,https://www.linkedin.com/jobs/view/4314913756/?eBP=NON_CHARGEABLE_CHANNEL&refId=64lNhyzIAm3IF7adu7q%2F1w%3D%3D&trackingId=jQD6zzMMRRVj3RafxSxbIg%3D%3D&trk=flagship3_search_srp_jobs,"Alagoinhas, Bahia, Brasil (Presencial)",Bracell,LinkedIn,2025-11-11 21:04:52.334906,2025-11-18 21:06:56.694383
Analista de RH Junior,https://www.linkedin.com/jobs/view/4319018213/?eBP=NON_CHARGEABLE_CHANNEL&refId=64lNhyzIAm3IF7adu7q%2F1w%3D%3D&trackingId=YIh4z3ejZPD1l%2F9Vvl71Sg%3D%3D&trk=flagship3_search_srp_jobs,"Campinas, São Paulo, Brasil (Presencial)",Bracell,LinkedIn,2025-10-28 21:04:52.334906,2025-11-18 21:06:57.157318
Analista Fiscal Junior,https://www.linkedin.com/jobs/view/4331187431/?eBP=NON_CHARGEABLE_CHANNEL&refId=64lNhyzIAm3IF7adu7q%2F1w%3D%3D&trackingId=IvZULd%2BwIgCindxDN02unw%3D%3D&trk=flagship3_search_srp_jobs,"Campinas, São Paulo, Brasil (Presencial)",Bracell,LinkedIn,2025-10-28 21:04:52.334906,2025-11-18 21:06:57.686286
Analista de inteligência de mercado sênior,https://www.linkedin.com/jobs/view/4334817934/?eBP=NON_CHARGEABLE_CHANNEL&refId=64lNhyzIAm3IF7adu7q%2F1w%3D%3D&trackingId=1N%2BA2iisoLHpctq8nOzEIw%3D%3D&trk=flagship3_search_srp_jobs,"Lençóis Paulista, São Paulo, Brasil (Presencial)",Bracell,LinkedIn,2025-11-11 21:04:52.334906,2025-11-18 21:06:58.153404
Analista de Folha de Pagamento Sênior,https://www.linkedin.com/jobs/view/4314187523/?eBP=NON_CHARGEABLE_CHANNEL&refId=64lNhyzIAm3IF7adu7q%2F1w%3D%3D&trackingId=rYij3mHjpSIebiXOrbep4Q%3D%3D&trk=flagship3_search_srp_jobs,"Campinas, São Paulo, Brasil (Presencial)",Bracell,LinkedIn,2025-11-12 21:04:52.334906,2025-11-18 21:06:58.659593
Assistente de Qualidade Florestal,https://www.linkedin.com/jobs/view/4339955346/?eBP=NON_CHARGEABLE_CHANNEL&refId=64lNhyzIAm3IF7adu7q%2F1w%3D%3D&trackingId=usRaZlDZvzPJb%2FNjPEyJRw%3D%3D&trk=flagship3_search_srp_jobs,"Bataguassu, Mato Grosso do Sul, Brasil (Presencial)",Bracell,LinkedIn,2025-11-11 21:04:52.334906,2025-11-18 21:06:59.054281
Assistente de Inventario Florestal I,https://www.linkedin.com/jobs/view/4340220570/?eBP=NON_CHARGEABLE_CHANNEL&refId=64lNhyzIAm3IF7adu7q%2F1w%3D%3D&trackingId=kR2aaV%2B%2BzEd6HpXCVuqrXA%3D%3D&trk=flagship3_search_srp_jobs,"Água Clara, Mato Grosso do Sul, Brasil (Presencial)",Bracell,LinkedIn,2025-11-12 21:04:52.334906,2025-11-18 21:06:59.613633
Assistente de contabilidade,https://www.linkedin.com/jobs/view/4319016119/?eBP=NON_CHARGEABLE_CHANNEL&refId=64lNhyzIAm3IF7adu7q%2F1w%3D%3D&trackingId=ocd47unkXj3k%2Fj8ZIS8jHQ%3D%3D&trk=flagship3_search_srp_jobs,"Campinas, São Paulo, Brasil (Presencial)",Bracell,LinkedIn,2025-10-28 21:04:52.334906,2025-11-18 21:07:00.092640
Soldador,https://www.linkedin.com/jobs/view/4340426116/?eBP=NON_CHARGEABLE_CHANNEL&refId=64lNhyzIAm3IF7adu7q%2F1w%3D%3D&trackingId=GQRY1yp9fXfHolhjwsnqJw%3D%3D&trk=flagship3_search_srp_jobs,"Camaçari, Bahia, Brasil (Presencial)",Bracell,LinkedIn,2025-11-13 21:04:52.334906,2025-11-18 21:07:00.599896
Analista de Folha de Pagamento Pleno,https://www.linkedin.com/jobs/view/4319007806/?eBP=NON_CHARGEABLE_CHANNEL&refId=64lNhyzIAm3IF7adu7q%2F1w%3D%3D&trackingId=HghwE2D%2B%2B0POchp%2F4ZThLw%3D%3D&trk=flagship3_search_srp_jobs,"Campinas, São Paulo, Brasil (Presencial)",Bracell,LinkedIn,2025-10-28 21:04:52.334906,2025-11-18 21:07:01.009442
Cadastro Inclusivo de Talentos - PCD | Mato Grosso do Sul,https://www.linkedin.com/jobs/view/4258099242/?eBP=NON_CHARGEABLE_CHANNEL&refId=64lNhyzIAm3IF7adu7q%2F1w%3D%3D&trackingId=yZG%2BuE9ceyJpaiIq%2BS%2B%2Fqg%3D%3D&trk=flagship3_search_srp_jobs,"Mato Grosso do Sul, Brasil (Presencial)",Bracell,LinkedIn,2025-11-04 21:04:52.334906,2025-11-18 21:07:01.563891
Analista de Suprimentos COE,https://www.linkedin.com/jobs/view/4333406960/?eBP=NON_CHARGEABLE_CHANNEL&refId=64lNhyzIAm3IF7adu7q%2F1w%3D%3D&trackingId=s%2BKGkslgVtQrzIQGMLssag%3D%3D&trk=flagship3_search_srp_jobs,"Lençóis Paulista, São Paulo, Brasil (Presencial)",Bracell,LinkedIn,2025-11-04 21:04:52.334906,2025-11-18 21:07:02.032306
IT Manager - Innovation & Enterprise Architecture,https://www.linkedin.com/jobs/view/4339770508/?eBP=NON_CHARGEABLE_CHANNEL&refId=64lNhyzIAm3IF7adu7q%2F1w%3D%3D&trackingId=vc72MDkgHKKZ2oeHVgecTg%3D%3D&trk=flagship3_search_srp_jobs,"Lençóis Paulista, São Paulo, Brasil (Presencial)",Bracell,LinkedIn,2025-11-11 21:04:52.334906,2025-11-18 21:07:02.616689
Analista Fiscal Sênior,https://www.linkedin.com/jobs/view/4336719382/?eBP=NON_CHARGEABLE_CHANNEL&refId=64lNhyzIAm3IF7adu7q%2F1w%3D%3D&trackingId=kLjuYRfjp6A63LzTQTduxw%3D%3D&trk=flagship3_search_srp_jobs,"Campinas, São Paulo, Brasil (Presencial)",Bracell,LinkedIn,2025-11-18 21:04:52.334906,2025-11-18 21:07:03.056450
Analista de Infraestrutura Pleno - Servidores,https://www.linkedin.com/jobs/view/4314159948/?eBP=NON_CHARGEABLE_CHANNEL&refId=64lNhyzIAm3IF7adu7q%2F1w%3D%3D&trackingId=pGU%2F0KcPXdoZPQPXL2MAIw%3D%3D&trk=flagship3_search_srp_jobs,"Campinas, São Paulo, Brasil (Presencial)",Bracell,LinkedIn,2025-11-12 21:04:52.334906,2025-11-18 21:07:03.628507
Técnico(a) Operações Florestais - Pleno,https://www.linkedin.com/jobs/view/4340949687/?eBP=NON_CHARGEABLE_CHANNEL&refId=64lNhyzIAm3IF7adu7q%2F1w%3D%3D&trackingId=ujqywCSTr0xD1delel3Rog%3D%3D&trk=flagship3_search_srp_jobs,"Lençóis Paulista, São Paulo, Brasil (Presencial)",Bracell,LinkedIn,2025-11-18 21:04:52.334906,2025-11-18 21:07:04.031788
Analista de Segurança da Informação Sênior,https://www.linkedin.com/jobs/view/4314830142/?eBP=NON_CHARGEABLE_CHANNEL&refId=64lNhyzIAm3IF7adu7q%2F1w%3D%3D&trackingId=eepbpLGNA4bgGygqB77SpA%3D%3D&trk=flagship3_search_srp_jobs,"Campinas, São Paulo, Brasil (Presencial)",Bracell,LinkedIn,2025-11-12 21:04:52.334906,2025-11-18 21:07:04.402194
Banco de Talentos CMPC - Piraí do Sul/Pr,https://www.linkedin.com/jobs/view/4301775682/?eBP=NON_CHARGEABLE_CHANNEL&refId=KdXPfXv%2F7KD2TSg44pXFdw%3D%3D&trackingId=Yski1iPFHA3ioY7DE1blTg%3D%3D&trk=flagship3_search_srp_jobs,"Piraí do Sul, Paraná, Brasil (Presencial)",CMPC,LinkedIn,2025-11-04 21:04:52.334906,2025-11-18 21:07:51.506733
Operador ETE / ETA,https://www.linkedin.com/jobs/view/4334331675/?eBP=NON_CHARGEABLE_CHANNEL&refId=KdXPfXv%2F7KD2TSg44pXFdw%3D%3D&trackingId=zaXpiBGIKHWfvi3Vv%2B5JPA%3D%3D&trk=flagship3_search_srp_jobs,"Piraí do Sul, Paraná, Brasil (Presencial)",CMPC,LinkedIn,2025-11-11 21:04:52.334906,2025-11-18 21:07:51.947141
Líder de Turno – Utilidades,https://www.linkedin.com/jobs/view/4334791384/?eBP=NON_CHARGEABLE_CHANNEL&refId=KdXPfXv%2F7KD2TSg44pXFdw%3D%3D&trackingId=arLqq1%2BgUtxnboJ%2FNnT1dA%3D%3D&trk=flagship3_search_srp_jobs,"Piraí do Sul, Paraná, Brasil (Presencial)",CMPC,LinkedIn,2025-11-11 21:04:52.334906,2025-11-18 21:07:52.294592
Auxiliar de Produção Pré Impressora,https://www.linkedin.com/jobs/view/4335404047/?eBP=NON_CHARGEABLE_CHANNEL&refId=KdXPfXv%2F7KD2TSg44pXFdw%3D%3D&trackingId=5VXZrVede6XG4xy%2BWpPpPg%3D%3D&trk=flagship3_search_srp_jobs,"Campos Novos, Santa Catarina, Brasil (Presencial)",CMPC,LinkedIn,2025-11-11 21:04:52.334906,2025-11-18 21:07:52.876285
Auxiliar Prod Tub 514_10025379,https://www.linkedin.com/jobs/view/4335503798/?eBP=NON_CHARGEABLE_CHANNEL&refId=KdXPfXv%2F7KD2TSg44pXFdw%3D%3D&trackingId=YpJuZ77LxP54meRSrs8UVg%3D%3D&trk=flagship3_search_srp_jobs,"Campos Novos, Santa Catarina, Brasil (Presencial)",CMPC,LinkedIn,2025-11-11 21:04:52.334906,2025-11-18 21:07:53.393350
Operador de Embalagem III,https://www.linkedin.com/jobs/view/4311745725/?eBP=NON_CHARGEABLE_CHANNEL&refId=KdXPfXv%2F7KD2TSg44pXFdw%3D%3D&trackingId=sQDlISiNg%2BqOM8f8io9yxA%3D%3D&trk=flagship3_search_srp_jobs,"Piraí do Sul, Paraná, Brasil (Presencial)",CMPC,LinkedIn,2025-11-04 21:04:52.334906,2025-11-18 21:07:53.905767
Operador de Embalagem I,https://www.linkedin.com/jobs/view/4311742849/?eBP=NON_CHARGEABLE_CHANNEL&refId=KdXPfXv%2F7KD2TSg44pXFdw%3D%3D&trackingId=hjIphREKv7%2BdHenFqs0Siw%3D%3D&trk=flagship3_search_srp_jobs,"Piraí do Sul, Paraná, Brasil (Presencial)",CMPC,LinkedIn,2025-11-11 21:04:52.334906,2025-11-18 21:07:54.305383
Operador de Embalagem I - Tuber,https://www.linkedin.com/jobs/view/4311741827/?eBP=NON_CHARGEABLE_CHANNEL&refId=KdXPfXv%2F7KD2TSg44pXFdw%3D%3D&trackingId=F%2BEOkXqF4KCFMcUGBvJCfQ%3D%3D&trk=flagship3_search_srp_jobs,"Piraí do Sul, Paraná, Brasil (Presencial)",CMPC,LinkedIn,2025-11-11 21:04:52.334906,2025-11-18 21:07:54.832471
Ajudante de Caldeira,https://www.linkedin.com/jobs/view/4334098914/?eBP=NON_CHARGEABLE_CHANNEL&refId=KdXPfXv%2F7KD2TSg44pXFdw%3D%3D&trackingId=hPH%2BuZZ%2F5gllqhXjQ1IwDQ%3D%3D&trk=flagship3_search_srp_jobs,"Piraí do Sul, Paraná, Brasil (Presencial)",CMPC,LinkedIn,2025-11-04 21:04:52.334906,2025-11-18 21:07:55.245698
Operador de empilhadeira,https://www.linkedin.com/jobs/view/4335413868/?eBP=NON_CHARGEABLE_CHANNEL&refId=KdXPfXv%2F7KD2TSg44pXFdw%3D%3D&trackingId=N%2BnxZl6wKLwu80Ecsxb3oA%3D%3D&trk=flagship3_search_srp_jobs,"Campos Novos, Santa Catarina, Brasil (Presencial)",CMPC,LinkedIn,2025-11-11 21:04:52.334906,2025-11-18 21:07:55.628475
Técnico(a) Operações Florestais - Pleno,https://averis.wd3.myworkdayjobs.com/pt-BR/RGE/job/Lencois-Paulista/Tcnico-a--Operaes-Florestais---Pleno_R191082,Lencois Paulista,Bracell,Site Próprio,2025-11-18 21:13:17.249030,2025-11-18 21:13:17.249030
Analista Sênior de Gerenciamento de Dados (Contábil/Fiscal/Financeiro),https://averis.wd3.myworkdayjobs.com/pt-BR/RGE/job/Campinas/Analista-Snior-de-Gerenciamento-de-Dados--Contbil-Fiscal-Financeiro-_R190670,Campinas,Bracell,Site Próprio,2025-11-18 21:13:17.358582,2025-11-18 21:13:17.358582
Analista Sênior de Gerenciamento de Dados (Tributário),https://averis.wd3.myworkdayjobs.com/pt-BR/RGE/job/Campinas/Analista-Snior-de-Gerenciamento-de-Dados--Tributrio-_R190669,Campinas,Bracell,Site Próprio,2025-11-18 21:13:17.452213,2025-11-18 21:13:17.452213
Economy & EP Program Officer,https://averis.wd3.myworkdayjobs.com/pt-BR/RGE/job/Pangkalan-Kerinci/Economy---EP-Program-Officer_R191069,Pangkalan Kerinci,Bracell,Site Próprio,2025-11-18 21:13:17.553926,2025-11-18 21:13:17.553926
"Supervisor, WWTP Utility",https://averis.wd3.myworkdayjobs.com/pt-BR/RGE/job/Marunda/Supervisor--WWTP-Utility_R185494,Marunda,Bracell,Site Próprio,2025-11-18 21:13:17.764912,2025-11-18 21:13:17.764912
采购工程师,https://averis.wd3.myworkdayjobs.com/pt-BR/RGE/job/Changzhou/_R191061,Changzhou,Bracell,Site Próprio,2025-11-18 21:13:17.835993,2025-11-18 21:13:17.835993
Product Consultant,https://averis.wd3.myworkdayjobs.com/pt-BR/RGE/job/Selangor/Product-Consultant_R189189,Selangor,Bracell,Site Próprio,2025-11-18 21:13:17.901712,2025-11-18 21:13:17.901712
安全工程师,https://averis.wd3.myworkdayjobs.com/pt-BR/RGE/job/Jiujiang/_R181877,Jiujiang,Bracell,Site Próprio,2025-11-18 21:13:17.966759,2025-11-18 21:13:17.966759
Electrical Maintenance | 电气维修工,https://averis.wd3.myworkdayjobs.com/pt-BR/RGE/job/Xinhui/Electrical-Maintenance---_R190877,Xinhui,Bracell,Site Próprio,2025-11-18 21:13:18.034636,2025-11-18 21:13:18.034636
Key Account Executive,https://averis.wd3.myworkdayjobs.com/pt-BR/RGE/job/Kelantan/Key-Account-Executive_R190787,Kelantan,Bracell,Site Próprio,2025-11-18 21:13:18.099392,2025-11-18 21:13:18.099392
Maintenance | 机械维修工,https://averis.wd3.myworkdayjobs.com/pt-BR/RGE/job/Xinhui/Maintenance---_R191036,Xinhui,Bracell,Site Próprio,2025-11-18 21:13:18.165086,2025-11-18 21:13:18.165086
"Para Staff 1, Drying",https://averis.wd3.myworkdayjobs.com/pt-BR/RGE/job/Jiujiang/Para-Staff-1--Drying_R188614,Jiujiang,Bracell,Site Próprio,2025-11-18 21:13:18.229599,2025-11-18 21:13:18.229599
Analista de RH Pleno - T&D,https://averis.wd3.myworkdayjobs.com/pt-BR/RGE/job/Camaari/Analista-de-RH-Pleno---T-D_R190888-1,Camaçari,Bracell,Site Próprio,2025-11-17 21:13:18.292999,2025-11-18 21:13:18.292999
"Mgr, Business Transformation",https://averis.wd3.myworkdayjobs.com/pt-BR/RGE/job/Kuala-Lumpur/Mgr--Business-Transformation_R187945,Kuala Lumpur,Bracell,Site Próprio,2025-11-17 21:13:18.415131,2025-11-18 21:13:18.415131
"Operator, Folio | 操作工（Folio大裁机）",https://averis.wd3.myworkdayjobs.com/pt-BR/RGE/job/Xinhui/Operator--Folio----Folio-_R190948,Xinhui,Bracell,Site Próprio,2025-11-17 21:13:18.482045,2025-11-18 21:13:18.482045
运行巡检-1,https://averis.wd3.myworkdayjobs.com/pt-BR/RGE/job/Wuxi/-1_R190011,Wuxi,Bracell,Site Próprio,2025-11-17 21:13:18.546654,2025-11-18 21:13:18.546654
Brand Executive,https://averis.wd3.myworkdayjobs.com/pt-BR/RGE/job/Selangor/Brand-Executive_R190771,Selangor,Bracell,Site Próprio,2025-11-14 21:13:18.612551,2025-11-18 21:13:18.612551
"Technician Research,Data Management,R&D",https://averis.wd3.myworkdayjobs.com/pt-BR/RGE/job/Pangkalan-Kerinci/Technician-Research-Data-Management-R-D_R190870,Pangkalan Kerinci,Bracell,Site Próprio,2025-11-14 21:13:18.676069,2025-11-18 21:13:18.676069
"Operator, Loader | 上料工",https://averis.wd3.myworkdayjobs.com/pt-BR/RGE/job/Xinhui/Operator--Loader---_R185437,Xinhui,Bracell,Site Próprio,2025-11-14 21:13:18.748079,2025-11-18 21:13:18.748079
"Welder,Harvesting Mechanization,F.Supply",https://averis.wd3.myworkdayjobs.com/pt-BR/RGE/job/Pangkalan-Kerinci/Welder-Harvesting-Mechanization-FSupply_R190824,Pangkalan Kerinci,Bracell,Site Próprio,2025-11-14 21:13:18.815866,2025-11-18 21:13:18.815866
Ejecutivo/a Exportación,https://cmpc.csod.com/ux/ats/careersite/4/home/requisition/16813?c=cmpc,"Santiago, Región Metropolitana, Chile",CMPC,Site Próprio,2025-11-17 00:00:00,2025-11-18 21:14:06.847464
Mecánico/a Taller - Nacimiento,https://cmpc.csod.com/ux/ats/careersite/4/home/requisition/16775?c=cmpc,"Nacimiento, REGION DEL BIOBIO, Chile",CMPC,Site Próprio,2025-11-14 00:00:00,2025-11-18 21:14:06.896604
Jefe/a Formación y Aprendizaje,https://cmpc.csod.com/ux/ats/careersite/4/home/requisition/16750?c=cmpc,"Santiago, REGION METROPOLITANA, Chile",CMPC,Site Próprio,2025-11-14 00:00:00,2025-11-18 21:14:07.006810
Nombre del cargo,https://cmpc.csod.com/ux/ats/careersite/4/home/requisition/16578?c=cmpc,"Santiago, REGION METROPOLITANA, Chile",CMPC,Site Próprio,2025-11-13 00:00:00,2025-11-18 21:14:07.062756
Ingeniero M&A Senior,https://cmpc.csod.com/ux/ats/careersite/4/home/requisition/16797?c=cmpc,"Santiago, REGION METROPOLITANA, Chile",CMPC,Site Próprio,2025-11-12 00:00:00,2025-11-18 21:14:07.130119
Electricista de Área - Nacimiento,https://cmpc.csod.com/ux/ats/careersite/4/home/requisition/16776?c=cmpc,"Nacimiento, REGION DEL BIOBIO, Chile",CMPC,Site Próprio,2025-11-12 00:00:00,2025-11-18 21:14:07.187553
Director/a Vinculación y Alianzas,https://cmpc.csod.com/ux/ats/careersite/4/home/requisition/16782?c=cmpc,"Santiago, REGION METROPOLITANA, Chile",CMPC,Site Próprio,2025-11-11 00:00:00,2025-11-18 21:14:07.233927
Operador/a de Almacenamiento,https://cmpc.csod.com/ux/ats/careersite/4/home/requisition/16749?c=cmpc,"Coronel, REGION DEL BIOBIO, Chile",CMPC,Site Próprio,2025-11-11 00:00:00,2025-11-18 21:14:07.285217
Nombre del cargo,https://cmpc.csod.com/ux/ats/careersite/4/home/requisition/16781?c=cmpc,"Puente Alto, Chile",CMPC,Site Próprio,2025-11-10 00:00:00,2025-11-18 21:14:07.374418
Nombre del cargo,https://cmpc.csod.com/ux/ats/careersite/4/home/requisition/16780?c=cmpc,"Puente Alto, Chile",CMPC,Site Próprio,2025-11-10 00:00:00,2025-11-18 21:14:07.430447
Nombre del cargo,https://cmpc.csod.com/ux/ats/careersite/4/home/requisition/16574?c=cmpc,"Quilicura, REGION METROPOLITANA, Chile",CMPC,Site Próprio,2025-11-10 00:00:00,2025-11-18 21:14:07.483969
Líder de Comunicaciones Externas,https://cmpc.csod.com/ux/ats/careersite/4/home/requisition/16770?c=cmpc,"Santiago, REGION METROPOLITANA, Chile",CMPC,Site Próprio,2025-11-07 00:00:00,2025-11-18 21:14:07.545265
Operador/a de Almacenamiento,https://cmpc.csod.com/ux/ats/careersite/4/home/requisition/16759?c=cmpc,"Osorno, REGIÓN DE LOS LAGOS, Chile",CMPC,Site Próprio,2025-11-07 00:00:00,2025-11-18 21:14:07.594677
Jefe/a de Desarrollo de Productos,https://cmpc.csod.com/ux/ats/careersite/4/home/requisition/16769?c=cmpc,"Chillán, REGION DEL BIOBIO, Chile",CMPC,Site Próprio,2025-11-05 00:00:00,2025-11-18 21:14:07.688095
Ingeniero/a Prevención de Riesgos - Puente Alto,https://cmpc.csod.com/ux/ats/careersite/4/home/requisition/16617?c=cmpc,"Puente Alto, REGION METROPOLITANA, Chile",CMPC,Site Próprio,2025-10-23 00:00:00,2025-11-18 21:14:07.738213
Práctica Reclutamiento y Selección - Puente Alto,https://cmpc.csod.com/ux/ats/careersite/4/home/requisition/16648?c=cmpc,"Puente Alto, REGION METROPOLITANA, Chile",CMPC,Site Próprio,2025-10-15 00:00:00,2025-11-18 21:14:07.791180
Administrativo/a Bodega - Puente Alto,https://cmpc.csod.com/ux/ats/careersite/4/home/requisition/16509?c=cmpc,"Puente Alto, Chile",CMPC,Site Próprio,2025-10-14 00:00:00,2025-11-18 21:14:07.837810
"Familia CMPC 2026: ""Mi Primer Papel""",https://cmpc.csod.com/ux/ats/careersite/4/home/requisition/16607?c=cmpc,"Santiago, REGION METROPOLITANA, Chile",CMPC,Site Próprio,2025-10-13 00:00:00,2025-11-18 21:14:07.888726
"Programa de Prácticas y Memorias 2026: ""Mi Primer Papel""",https://cmpc.csod.com/ux/ats/careersite/4/home/requisition/16606?c=cmpc,"Santiago, REGION METROPOLITANA, Chile",CMPC,Site Próprio,2025-10-13 00:00:00,2025-11-18 21:14:07.941660
Práctica - Prevención de Riesgos,https://cmpc.csod.com/ux/ats/careersite/4/home/requisition/16597?c=cmpc,"Quilicura, REGION METROPOLITANA, Chile",CMPC,Site Próprio,2025-10-13 00:00:00,2025-11-18 21:14:07.988492
Eléctrico/a Día - Puente Alto,https://cmpc.csod.com/ux/ats/careersite/4/home/requisition/16449?c=cmpc,"SANTIAGO, SANTIAGO, Chile",CMPC,Site Próprio,2025-10-01 00:00:00,2025-11-18 21:14:08.036078
Analista de Contabilidad,https://cmpc.csod.com/ux/ats/careersite/4/home/requisition/16530?c=cmpc,"Malvinas Argentinas, Argentina",CMPC,Site Próprio,2025-09-25 00:00:00,2025-11-18 21:14:08.093155
Ingeniero Especialista de Diseño de empaque,https://cmpc.csod.com/ux/ats/careersite/4/home/requisition/13847?c=cmpc,"SAN ANDRES CHOLULA, PUEBLA, PUEBLA, México",CMPC,Site Próprio,2024-09-10 00:00:00,2025-11-18 21:14:08.187951
Técnico/a de mantenimiento eléctrico y mecánico,https://cmpc.csod.com/ux/ats/careersite/4/home/requisition/3524?c=cmpc,"Zarate, BUENOS AIRES, Argentina",CMPC,Site Próprio,2022-01-13 00:00:00,2025-11-18 21:14:08.257870
Conductor/a de autoelevador,https://cmpc.csod.com/ux/ats/careersite/4/home/requisition/3523?c=cmpc,"Zarate, BUENOS AIRES, Argentina",CMPC,Site Próprio,2022-01-13 00:00:00,2025-11-18 21:14:08.305478
