Título,Link,Localização,Empresa,Fonte,Data,DataExtracao,Cluster
Ajudante Florestal | Diretoria Florestal | Inocência/MS,"https://www.glassdoor.com.br/job-listing/ajudante-florestal-diretoria-florestal-inoc%C3%AAncia-ms-eldorado-brasil-JV_IC2496001_KO0,51_KE52,67.htm?jl=1009909179821",Inocência,Eldorado,Glassdoor,2025-10-16 19:27:03.086094,2025-10-24 19:27:03.086094,florestal
Ajudante Florestal | Diretoria Florestal | Água Clara/MS,"https://www.glassdoor.com.br/job-listing/ajudante-florestal-diretoria-florestal-%C3%A1gua-clara-ms-eldorado-brasil-JV_IC2486960_KO0,52_KE53,68.htm?jl=1009909179842","Água Clara, Mato Grosso do Sul",Eldorado,Glassdoor,2025-10-16 19:27:03.169613,2025-10-24 19:27:03.169613,florestal
Analista Recursos Humanos III (Relações Sindicais Trabalhista) | Diretoria RH |Três Lagoas/MS,"https://www.glassdoor.com.br/job-listing/analista-recursos-humanos-iii-rela%C3%A7%C3%B5es-sindicais-trabalhista-diretoria-rh-tr%C3%AAs-lagoas-ms-eldorado-brasil-JV_IC2486261_KO0,88_KE89,104.htm?jl=1009809496569","Três Lagoas, Mato Grosso do Sul",Eldorado,Glassdoor,2025-09-23 19:27:03.264468,2025-10-24 19:27:03.264468,corporativo
Ajudante Viveiro | Diretoria Florestal | Andradina/SP,"https://www.glassdoor.com.br/job-listing/ajudante-viveiro-diretoria-florestal-andradina-sp-eldorado-brasil-JV_IC2464176_KO0,49_KE50,65.htm?jl=1009409505256",Andradina,Eldorado,Glassdoor,2025-09-23 19:27:03.362104,2025-10-24 19:27:03.362104,florestal
Jovem Aprendiz - Assistente Administrativo | Diretoria RH - Andradina/SP,"https://www.glassdoor.com.br/job-listing/jovem-aprendiz-assistente-administrativo-diretoria-rh-andradina-sp-eldorado-brasil-JV_IC2464176_KO0,66_KE67,82.htm?jl=1009913241028",Andradina,Eldorado,Glassdoor,2025-10-21 19:27:03.462640,2025-10-24 19:27:03.462640,corporativo
Técnico/Técnica Desenvolvimento Operacional I (Colheita) | Diretoria Florestal | Três Lagoas/MS,"https://www.glassdoor.com.br/job-listing/t%C3%A9cnico-t%C3%A9cnica-desenvolvimento-operacional-i-colheita-diretoria-florestal-tr%C3%AAs-lagoas-ms-eldorado-brasil-JV_IC2486261_KO0,89_KE90,105.htm?jl=1009908586615","Três Lagoas, Mato Grosso do Sul",Eldorado,Glassdoor,2025-10-15 19:27:03.568278,2025-10-24 19:27:03.568278,florestal
Especialista Competitividade | Diretoria Transportadora | Três Lagoas/MS,"https://www.glassdoor.com.br/job-listing/especialista-competitividade-diretoria-transportadora-tr%C3%AAs-lagoas-ms-eldorado-brasil-JV_IC2486261_KO0,68_KE69,84.htm?jl=1009895521142","Três Lagoas, Mato Grosso do Sul",Eldorado,Glassdoor,2025-10-02 19:27:03.676158,2025-10-24 19:27:03.676158,corporativo
Técnico/Técnica Desenvolvimento Operacional I (Manutenção) | Diretoria Florestal | Três Lagoas MS,"https://www.glassdoor.com.br/job-listing/t%C3%A9cnico-t%C3%A9cnica-desenvolvimento-operacional-i-manuten%C3%A7%C3%A3o-diretoria-florestal-tr%C3%AAs-lagoas-ms-eldorado-brasil-JV_IC2486261_KO0,91_KE92,107.htm?jl=1009908574878","Três Lagoas, Mato Grosso do Sul",Eldorado,Glassdoor,2025-10-15 19:27:03.764917,2025-10-24 19:27:03.764917,florestal
Líder Operações Florestais | Diretoria Florestal | Selvíria/MS,"https://www.glassdoor.com.br/job-listing/l%C3%ADder-opera%C3%A7%C3%B5es-florestais-diretoria-florestal-selv%C3%ADria-ms-eldorado-brasil-JV_IC4147246_KO0,58_KE59,74.htm?jl=1009608011796",Selvíria,Eldorado,Glassdoor,2025-09-23 19:27:03.845805,2025-10-24 19:27:03.845805,florestal
Técnico/ Técnica Segurança do Trabalho II I Diretoria Comercial e Logística | Santos/SP,"https://www.glassdoor.com.br/job-listing/t%C3%A9cnico-t%C3%A9cnica-seguran%C3%A7a-do-trabalho-ii-i-diretoria-comercial-e-log%C3%ADstica-santos-sp-eldorado-brasil-JV_IC2464116_KO0,84_KE85,100.htm?jl=1009906041145","Santos, São Paulo",Eldorado,Glassdoor,2025-10-13 19:27:03.943944,2025-10-24 19:27:03.943944,corporativo
Técnico/ Técnica Logística Florestal III (Carregamento) | Diretoria Florestal | Três Lagoas/MS,"https://www.glassdoor.com.br/job-listing/t%C3%A9cnico-t%C3%A9cnica-log%C3%ADstica-florestal-iii-carregamento-diretoria-florestal-tr%C3%AAs-lagoas-ms-eldorado-brasil-JV_IC2486261_KO0,87_KE88,103.htm?jl=1009869079051","Três Lagoas, Mato Grosso do Sul",Eldorado,Glassdoor,2025-09-23 19:27:04.036597,2025-10-24 19:27:04.036597,florestal
Operador/ Operadora Trator | Diretoria Florestal | Inocência/MS,"https://www.glassdoor.com.br/job-listing/operador-operadora-trator-diretoria-florestal-inoc%C3%AAncia-ms-eldorado-brasil-JV_IC2496001_KO0,58_KE59,74.htm?jl=1009320333346",Inocência,Eldorado,Glassdoor,2025-09-23 19:27:04.133862,2025-10-24 19:27:04.133862,florestal
Bolsista Programa Rhae CNPq |Tecnologia da Madeira | Diretoria Florestal | Andradina/SP,"https://www.glassdoor.com.br/job-listing/bolsista-programa-rhae-cnpq-tecnologia-da-madeira-diretoria-florestal-andradina-sp-eldorado-brasil-JV_IC2486261_KO0,82_KE83,98.htm?jl=1009886479603","Três Lagoas, Mato Grosso do Sul",Eldorado,Glassdoor,2025-09-25 19:27:04.227737,2025-10-24 19:27:04.227737,florestal
Especialista Nutrição e Manejo | Diretoria Florestal | Andradina/SP,"https://www.glassdoor.com.br/job-listing/especialista-nutri%C3%A7%C3%A3o-e-manejo-diretoria-florestal-andradina-sp-eldorado-brasil-JV_IC2464176_KO0,63_KE64,79.htm?jl=1009831650861",Andradina,Eldorado,Glassdoor,2025-09-23 19:27:04.322503,2025-10-24 19:27:04.322503,florestal
Especialista Competitividade Florestal (Melhoria de Processos) | Diretoria Florestal,"https://www.glassdoor.com.br/job-listing/especialista-competitividade-florestal-melhoria-de-processos-diretoria-florestal-eldorado-brasil-JV_IC2486261_KO0,80_KE81,96.htm?jl=1009917787207","Três Lagoas, Mato Grosso do Sul",Eldorado,Glassdoor,2025-10-23 19:27:04.419844,2025-10-24 19:27:04.419844,florestal
Motorista Tritrem | Diretoria Transportadora | Três Lagoas/MS,"https://www.glassdoor.com.br/job-listing/motorista-tritrem-diretoria-transportadora-tr%C3%AAs-lagoas-ms-eldorado-brasil-JV_IC2486261_KO0,57_KE58,73.htm?jl=1009873005973","Três Lagoas, Mato Grosso do Sul",Eldorado,Glassdoor,2025-09-23 19:27:04.539855,2025-10-24 19:27:04.539855,corporativo
Analista Manutenção Mecânica I (Gestão de Materiais e Serviços) | Diretoria Florestal | Três Lagoas/MS,"https://www.glassdoor.com.br/job-listing/analista-manuten%C3%A7%C3%A3o-mec%C3%A2nica-i-gest%C3%A3o-de-materiais-e-servi%C3%A7os-diretoria-florestal-tr%C3%AAs-lagoas-ms-eldorado-brasil-JV_IC2486261_KO0,96_KE97,112.htm?jl=1009916089297","Três Lagoas, Mato Grosso do Sul",Eldorado,Glassdoor,2025-10-23 19:27:04.653722,2025-10-24 19:27:04.653722,florestal
Mecânico/Mecânica I (Colheita) | Diretoria Florestal | Três Lagoas/MS,"https://www.glassdoor.com.br/job-listing/mec%C3%A2nico-mec%C3%A2nica-i-colheita-diretoria-florestal-tr%C3%AAs-lagoas-ms-eldorado-brasil-JV_IC2486261_KO0,63_KE64,79.htm?jl=1009909179474","Três Lagoas, Mato Grosso do Sul",Eldorado,Glassdoor,2025-10-16 19:27:04.735312,2025-10-24 19:27:04.735312,florestal
Operador/ Operadora Grua Transporte | Diretoria Florestal | Três Lagoas/MS,"https://www.glassdoor.com.br/job-listing/operador-operadora-grua-transporte-diretoria-florestal-tr%C3%AAs-lagoas-ms-eldorado-brasil-JV_IC2486261_KO0,69_KE70,85.htm?jl=1009890979797","Três Lagoas, Mato Grosso do Sul",Eldorado,Glassdoor,2025-09-30 19:27:04.899612,2025-10-24 19:27:04.899612,florestal
Mecânico/Mecânica II (Estradas/Linha Amarela) | Diretoria Florestal - Três Lagoas/MS,"https://www.glassdoor.com.br/job-listing/mec%C3%A2nico-mec%C3%A2nica-ii-estradas-linha-amarela-diretoria-florestal-tr%C3%AAs-lagoas-ms-eldorado-brasil-JV_IC2486261_KO0,78_KE79,94.htm?jl=1009910419835","Três Lagoas, Mato Grosso do Sul",Eldorado,Glassdoor,2025-10-17 19:27:05.093376,2025-10-24 19:27:05.093376,florestal
Ajudante Florestal | Diretoria Florestal | Inocência/MS,"https://www.glassdoor.com.br/job-listing/ajudante-florestal-diretoria-florestal-inoc%C3%AAncia-ms-eldorado-brasil-JV_IC2496001_KO0,51_KE52,67.htm?jl=1009909179821",Inocência,Eldorado,Glassdoor,2025-10-16 21:16:49.032737,2025-10-24 21:16:49.032737,florestal
Ajudante Florestal | Diretoria Florestal | Água Clara/MS,"https://www.glassdoor.com.br/job-listing/ajudante-florestal-diretoria-florestal-%C3%A1gua-clara-ms-eldorado-brasil-JV_IC2486960_KO0,52_KE53,68.htm?jl=1009909179842","Água Clara, Mato Grosso do Sul",Eldorado,Glassdoor,2025-10-16 21:16:49.095718,2025-10-24 21:16:49.095718,florestal
Analista Recursos Humanos III (Relações Sindicais Trabalhista) | Diretoria RH |Três Lagoas/MS,"https://www.glassdoor.com.br/job-listing/analista-recursos-humanos-iii-rela%C3%A7%C3%B5es-sindicais-trabalhista-diretoria-rh-tr%C3%AAs-lagoas-ms-eldorado-brasil-JV_IC2486261_KO0,88_KE89,104.htm?jl=1009809496569","Três Lagoas, Mato Grosso do Sul",Eldorado,Glassdoor,2025-09-23 21:16:49.148965,2025-10-24 21:16:49.148965,corporativo
Ajudante Viveiro | Diretoria Florestal | Andradina/SP,"https://www.glassdoor.com.br/job-listing/ajudante-viveiro-diretoria-florestal-andradina-sp-eldorado-brasil-JV_IC2464176_KO0,49_KE50,65.htm?jl=1009409505256",Andradina,Eldorado,Glassdoor,2025-09-23 21:16:49.230787,2025-10-24 21:16:49.230787,florestal
Jovem Aprendiz - Assistente Administrativo | Diretoria RH - Andradina/SP,"https://www.glassdoor.com.br/job-listing/jovem-aprendiz-assistente-administrativo-diretoria-rh-andradina-sp-eldorado-brasil-JV_IC2464176_KO0,66_KE67,82.htm?jl=1009913241028",Andradina,Eldorado,Glassdoor,2025-10-21 21:16:49.295440,2025-10-24 21:16:49.295440,corporativo
Técnico/Técnica Desenvolvimento Operacional I (Colheita) | Diretoria Florestal | Três Lagoas/MS,"https://www.glassdoor.com.br/job-listing/t%C3%A9cnico-t%C3%A9cnica-desenvolvimento-operacional-i-colheita-diretoria-florestal-tr%C3%AAs-lagoas-ms-eldorado-brasil-JV_IC2486261_KO0,89_KE90,105.htm?jl=1009908586615","Três Lagoas, Mato Grosso do Sul",Eldorado,Glassdoor,2025-10-15 21:16:49.355096,2025-10-24 21:16:49.355096,florestal
Especialista Competitividade | Diretoria Transportadora | Três Lagoas/MS,"https://www.glassdoor.com.br/job-listing/especialista-competitividade-diretoria-transportadora-tr%C3%AAs-lagoas-ms-eldorado-brasil-JV_IC2486261_KO0,68_KE69,84.htm?jl=1009895521142","Três Lagoas, Mato Grosso do Sul",Eldorado,Glassdoor,2025-10-02 21:16:49.415096,2025-10-24 21:16:49.415096,corporativo
Técnico/Técnica Desenvolvimento Operacional I (Manutenção) | Diretoria Florestal | Três Lagoas MS,"https://www.glassdoor.com.br/job-listing/t%C3%A9cnico-t%C3%A9cnica-desenvolvimento-operacional-i-manuten%C3%A7%C3%A3o-diretoria-florestal-tr%C3%AAs-lagoas-ms-eldorado-brasil-JV_IC2486261_KO0,91_KE92,107.htm?jl=1009908574878","Três Lagoas, Mato Grosso do Sul",Eldorado,Glassdoor,2025-10-15 21:16:49.491051,2025-10-24 21:16:49.491051,florestal
Líder Operações Florestais | Diretoria Florestal | Selvíria/MS,"https://www.glassdoor.com.br/job-listing/l%C3%ADder-opera%C3%A7%C3%B5es-florestais-diretoria-florestal-selv%C3%ADria-ms-eldorado-brasil-JV_IC4147246_KO0,58_KE59,74.htm?jl=1009608011796",Selvíria,Eldorado,Glassdoor,2025-09-23 21:16:49.559414,2025-10-24 21:16:49.559414,florestal
Técnico/ Técnica Segurança do Trabalho II I Diretoria Comercial e Logística | Santos/SP,"https://www.glassdoor.com.br/job-listing/t%C3%A9cnico-t%C3%A9cnica-seguran%C3%A7a-do-trabalho-ii-i-diretoria-comercial-e-log%C3%ADstica-santos-sp-eldorado-brasil-JV_IC2464116_KO0,84_KE85,100.htm?jl=1009906041145","Santos, São Paulo",Eldorado,Glassdoor,2025-10-13 21:16:49.642547,2025-10-24 21:16:49.642547,corporativo
Técnico/ Técnica Logística Florestal III (Carregamento) | Diretoria Florestal | Três Lagoas/MS,"https://www.glassdoor.com.br/job-listing/t%C3%A9cnico-t%C3%A9cnica-log%C3%ADstica-florestal-iii-carregamento-diretoria-florestal-tr%C3%AAs-lagoas-ms-eldorado-brasil-JV_IC2486261_KO0,87_KE88,103.htm?jl=1009869079051","Três Lagoas, Mato Grosso do Sul",Eldorado,Glassdoor,2025-09-23 21:16:49.745304,2025-10-24 21:16:49.745304,florestal
Operador/ Operadora Trator | Diretoria Florestal | Inocência/MS,"https://www.glassdoor.com.br/job-listing/operador-operadora-trator-diretoria-florestal-inoc%C3%AAncia-ms-eldorado-brasil-JV_IC2496001_KO0,58_KE59,74.htm?jl=1009320333346",Inocência,Eldorado,Glassdoor,2025-09-23 21:16:49.838776,2025-10-24 21:16:49.838776,florestal
Bolsista Programa Rhae CNPq |Tecnologia da Madeira | Diretoria Florestal | Andradina/SP,"https://www.glassdoor.com.br/job-listing/bolsista-programa-rhae-cnpq-tecnologia-da-madeira-diretoria-florestal-andradina-sp-eldorado-brasil-JV_IC2486261_KO0,82_KE83,98.htm?jl=1009886479603","Três Lagoas, Mato Grosso do Sul",Eldorado,Glassdoor,2025-09-25 21:16:49.908533,2025-10-24 21:16:49.908533,florestal
Especialista Nutrição e Manejo | Diretoria Florestal | Andradina/SP,"https://www.glassdoor.com.br/job-listing/especialista-nutri%C3%A7%C3%A3o-e-manejo-diretoria-florestal-andradina-sp-eldorado-brasil-JV_IC2464176_KO0,63_KE64,79.htm?jl=1009831650861",Andradina,Eldorado,Glassdoor,2025-09-23 21:16:49.993442,2025-10-24 21:16:49.993442,florestal
Analista Manutenção Mecânica I (Gestão de Materiais e Serviços) | Diretoria Florestal | Três Lagoas/MS,"https://www.glassdoor.com.br/job-listing/analista-manuten%C3%A7%C3%A3o-mec%C3%A2nica-i-gest%C3%A3o-de-materiais-e-servi%C3%A7os-diretoria-florestal-tr%C3%AAs-lagoas-ms-eldorado-brasil-JV_IC2486261_KO0,96_KE97,112.htm?jl=1009916089297","Três Lagoas, Mato Grosso do Sul",Eldorado,Glassdoor,2025-10-23 21:16:50.117224,2025-10-24 21:16:50.117224,florestal
Motorista Tritrem | Diretoria Transportadora | Três Lagoas/MS,"https://www.glassdoor.com.br/job-listing/motorista-tritrem-diretoria-transportadora-tr%C3%AAs-lagoas-ms-eldorado-brasil-JV_IC2486261_KO0,57_KE58,73.htm?jl=1009873005973","Três Lagoas, Mato Grosso do Sul",Eldorado,Glassdoor,2025-09-23 21:16:50.219697,2025-10-24 21:16:50.219697,corporativo
Especialista Competitividade Florestal (Melhoria de Processos) | Diretoria Florestal,"https://www.glassdoor.com.br/job-listing/especialista-competitividade-florestal-melhoria-de-processos-diretoria-florestal-eldorado-brasil-JV_IC2486261_KO0,80_KE81,96.htm?jl=1009917787207","Três Lagoas, Mato Grosso do Sul",Eldorado,Glassdoor,2025-10-23 21:16:50.287011,2025-10-24 21:16:50.287011,florestal
Mecânico/Mecânica I (Colheita) | Diretoria Florestal | Três Lagoas/MS,"https://www.glassdoor.com.br/job-listing/mec%C3%A2nico-mec%C3%A2nica-i-colheita-diretoria-florestal-tr%C3%AAs-lagoas-ms-eldorado-brasil-JV_IC2486261_KO0,63_KE64,79.htm?jl=1009909179474","Três Lagoas, Mato Grosso do Sul",Eldorado,Glassdoor,2025-10-16 21:16:50.388377,2025-10-24 21:16:50.388377,florestal
Operador/ Operadora Grua Transporte | Diretoria Florestal | Três Lagoas/MS,"https://www.glassdoor.com.br/job-listing/operador-operadora-grua-transporte-diretoria-florestal-tr%C3%AAs-lagoas-ms-eldorado-brasil-JV_IC2486261_KO0,69_KE70,85.htm?jl=1009890979797","Três Lagoas, Mato Grosso do Sul",Eldorado,Glassdoor,2025-09-30 21:16:50.511545,2025-10-24 21:16:50.511545,florestal
Mecânico/Mecânica II (Estradas/Linha Amarela) | Diretoria Florestal - Três Lagoas/MS,"https://www.glassdoor.com.br/job-listing/mec%C3%A2nico-mec%C3%A2nica-ii-estradas-linha-amarela-diretoria-florestal-tr%C3%AAs-lagoas-ms-eldorado-brasil-JV_IC2486261_KO0,78_KE79,94.htm?jl=1009910419835","Três Lagoas, Mato Grosso do Sul",Eldorado,Glassdoor,2025-10-17 21:16:50.657277,2025-10-24 21:16:50.657277,florestal
Analista de Compras JR (Vaga Exclusiva para Pessoas com Deficiência),https://ldcelulose.gupy.io/jobs/9756275?jobBoardSource=gupy_public_page,Indianópolis - MG e Híbrido,LD Celulose,Gupy,2025-09-02 00:00:00,2025-10-24 21:17:42.706043,corporativo
Banco de Talentos,https://ldcelulose.gupy.io/jobs/209387?jobBoardSource=gupy_public_page,Indianópolis - MG e Remoto,LD Celulose,Gupy,2020-04-30 00:00:00,2025-10-24 21:18:06.854898,corporativo
Banco de Talentos (Pessoas com Deficiência),https://ldcelulose.gupy.io/jobs/824061?jobBoardSource=gupy_public_page,Indianópolis - MG e Remoto,LD Celulose,Gupy,2021-04-22 00:00:00,2025-10-24 21:18:38.224137,corporativo
Enfermeira ou Enfermeiro do Trabalho,https://ldcelulose.gupy.io/jobs/9864077?jobBoardSource=gupy_public_page,Indianópolis - MG,LD Celulose,Gupy,2025-09-21 00:00:00,2025-10-24 21:19:03.126307,corporativo
Motorista de Caminhão - Compostagem,https://ldcelulose.gupy.io/jobs/10003747?jobBoardSource=gupy_public_page,Indianópolis - MG,LD Celulose,Gupy,2025-10-15 00:00:00,2025-10-24 21:19:21.041420,florestal
Técnica ou Técnico de Sustentabilidade,https://ldcelulose.gupy.io/jobs/10115987?jobBoardSource=gupy_public_page,Indianópolis - MG e Híbrido,LD Celulose,Gupy,2025-10-20 00:00:00,2025-10-24 21:19:39.881666,corporativo
Ajudante Florestal | Diretoria Florestal | Água Clara/MS,https://vagaseldoradobrasil.gupy.io/jobs/10119574?jobBoardSource=gupy_public_page,Água Clara - MS,Eldorado,Gupy,2025-10-16 00:00:00,2025-10-24 21:18:04.100233,florestal
Ajudante Florestal | Diretoria Florestal | Inocência/MS,https://vagaseldoradobrasil.gupy.io/jobs/10119558?jobBoardSource=gupy_public_page,Inocência - MS,Eldorado,Gupy,2025-10-24 21:18:30.850154,2025-10-24 21:18:33.581696,florestal
Ajudante Viveiro | Diretoria Florestal | Andradina/SP,https://vagaseldoradobrasil.gupy.io/jobs/6945795?jobBoardSource=gupy_public_page,Andradina - SP,Eldorado,Gupy,2024-08-16 00:00:00,2025-10-24 21:18:50.496331,florestal
Analista Manutenção Mecânica I (Gestão de Materiais e Serviços) | Diretoria Florestal | Três Lagoas/MS,https://vagaseldoradobrasil.gupy.io/jobs/9922716?jobBoardSource=gupy_public_page,Três Lagoas - MS,Eldorado,Gupy,2025-10-22 00:00:00,2025-10-24 21:19:10.855893,florestal
Analista Recursos Humanos III (Relações Sindicais Trabalhista) | Diretoria RH |Três Lagoas/MS,https://vagaseldoradobrasil.gupy.io/jobs/9482809?jobBoardSource=gupy_public_page,Três Lagoas - MS,Eldorado,Gupy,2025-07-11 00:00:00,2025-10-24 21:19:29.221878,corporativo
Banco de Talentos | Pessoas 50+,https://vagaseldoradobrasil.gupy.io/jobs/6050358?jobBoardSource=gupy_public_page,Três Lagoas - MS,Eldorado,Gupy,2023-11-24 00:00:00,2025-10-24 21:19:47.779681,corporativo
Banco de Talentos | Pessoas com Deficiência (PCD),https://vagaseldoradobrasil.gupy.io/jobs/6050330?jobBoardSource=gupy_public_page,Três Lagoas - MS,Eldorado,Gupy,2023-11-24 00:00:00,2025-10-24 21:20:02.050974,corporativo
Banco de Talentos | Pessoas LGBTQ+,https://vagaseldoradobrasil.gupy.io/jobs/6050270?jobBoardSource=gupy_public_page,Três Lagoas - MS,Eldorado,Gupy,2023-11-24 00:00:00,2025-10-24 21:20:16.291223,corporativo
Banco de Talentos | Pessoas Pretas,https://vagaseldoradobrasil.gupy.io/jobs/6050038?jobBoardSource=gupy_public_page,Três Lagoas - MS,Eldorado,Gupy,2023-11-24 00:00:00,2025-10-24 21:20:30.178250,corporativo
Banco de Talentos | Programa de Estágio,https://vagaseldoradobrasil.gupy.io/jobs/9717422?jobBoardSource=gupy_public_page,São Paulo - SP,Eldorado,Gupy,2025-08-19 00:00:00,2025-10-24 21:20:44.466571,corporativo
Desenvolvedor(a) GIS,https://www.linkedin.com/jobs/view/4308611589/?eBP=NON_CHARGEABLE_CHANNEL&refId=o82L6IsdEuJrFwwVot5l0Q%3D%3D&trackingId=A2T76Q1n8HHq6OP6uuhoGg%3D%3D&trk=flagship3_search_srp_jobs,"Três Lagoas, Mato Grosso do Sul, Brasil (Híbrido)",Arauco,LinkedIn,2025-10-03 21:21:36.589502,2025-10-24 21:22:33.685418,corporativo
Operador de ETA/ETE II,https://www.linkedin.com/jobs/view/4311138697/?eBP=NON_CHARGEABLE_CHANNEL&refId=o82L6IsdEuJrFwwVot5l0Q%3D%3D&trackingId=5tooEun3LHuI428mwk5snA%3D%3D&trk=flagship3_search_srp_jobs,"Araucária, Paraná, Brasil (Presencial)",Arauco,LinkedIn,2025-10-10 21:21:36.589502,2025-10-24 21:22:34.138187,industrial
Líder Florestal - Patrimonial,https://www.linkedin.com/jobs/view/4314640716/?eBP=NON_CHARGEABLE_CHANNEL&refId=o82L6IsdEuJrFwwVot5l0Q%3D%3D&trackingId=1XjeB%2B%2BNwLEBx1idxM8qkA%3D%3D&trk=flagship3_search_srp_jobs,"Três Lagoas, Mato Grosso do Sul, Brasil (Presencial)",Arauco,LinkedIn,2025-10-17 21:21:36.589502,2025-10-24 21:22:34.813174,florestal
Assistente Administrativo Sênior,https://www.linkedin.com/jobs/view/4318297011/?eBP=NON_CHARGEABLE_CHANNEL&refId=o82L6IsdEuJrFwwVot5l0Q%3D%3D&trackingId=cpkGTgMu6NjjyI6W3vgLBg%3D%3D&trk=flagship3_search_srp_jobs,"Chapadão do Sul, Mato Grosso do Sul, Brasil (Presencial)",Arauco,LinkedIn,2025-10-22 21:21:36.589502,2025-10-24 21:22:35.525257,corporativo
Analista de suporte de TI,https://www.linkedin.com/jobs/view/4306794299/?eBP=NON_CHARGEABLE_CHANNEL&refId=o82L6IsdEuJrFwwVot5l0Q%3D%3D&trackingId=MmgYKx2viMG9KQ6qp3eLOA%3D%3D&trk=flagship3_search_srp_jobs,"Araucária, Paraná, Brasil (Presencial)",Arauco,LinkedIn,2025-09-26 21:21:36.589502,2025-10-24 21:22:36.132478,corporativo
Analista de PPCM,https://www.linkedin.com/jobs/view/4312099780/?eBP=NON_CHARGEABLE_CHANNEL&refId=o82L6IsdEuJrFwwVot5l0Q%3D%3D&trackingId=a5xkPH8%2BGoHyjgMBaZZPaw%3D%3D&trk=flagship3_search_srp_jobs,"Jaguariaíva, Paraná, Brasil (Presencial)",Arauco,LinkedIn,2025-10-10 21:21:36.589502,2025-10-24 21:22:36.656416,corporativo
Auxiliar Administrativo (PCD),https://www.linkedin.com/jobs/view/4283781012/?eBP=NON_CHARGEABLE_CHANNEL&refId=o82L6IsdEuJrFwwVot5l0Q%3D%3D&trackingId=p9wQcPqLahh0K%2BOTeVcEQw%3D%3D&trk=flagship3_search_srp_jobs,"Jaguariaíva, Paraná, Brasil (Presencial)",Arauco,LinkedIn,2025-10-10 21:21:36.589502,2025-10-24 21:22:37.487493,corporativo
Analista em Sanidade Florestal PL,https://www.linkedin.com/jobs/view/4309667532/?eBP=NON_CHARGEABLE_CHANNEL&refId=o82L6IsdEuJrFwwVot5l0Q%3D%3D&trackingId=uu08Qxd8DeU51zVzY3uc4A%3D%3D&trk=flagship3_search_srp_jobs,"Três Lagoas, Mato Grosso do Sul, Brasil (Presencial)",Arauco,LinkedIn,2025-10-03 21:21:36.589502,2025-10-24 21:22:38.047834,florestal
Líder Florestal - Patrimonial,https://www.linkedin.com/jobs/view/4309036330/?eBP=NON_CHARGEABLE_CHANNEL&refId=o82L6IsdEuJrFwwVot5l0Q%3D%3D&trackingId=4DiPjXc%2F5njmQ80%2F0tpOow%3D%3D&trk=flagship3_search_srp_jobs,"Cassilândia, Mato Grosso do Sul, Brasil (Presencial)",Arauco,LinkedIn,2025-10-03 21:21:36.589502,2025-10-24 21:22:38.662802,florestal
Analista de Responsabilidade Social e Institucional Pleno,https://www.linkedin.com/jobs/view/4331306701/?eBP=NON_CHARGEABLE_CHANNEL&refId=o82L6IsdEuJrFwwVot5l0Q%3D%3D&trackingId=LPZZysN2h0U5b5f%2FvtuZkQ%3D%3D&trk=flagship3_search_srp_jobs,"Chapadão do Sul, Mato Grosso do Sul, Brasil (Presencial)",Arauco,LinkedIn,2025-10-24 21:21:36.589502,2025-10-24 21:22:39.170019,corporativo
Técnico(a) de Controle de Qualidade Jr,https://www.linkedin.com/jobs/view/4312086367/?eBP=NON_CHARGEABLE_CHANNEL&refId=o82L6IsdEuJrFwwVot5l0Q%3D%3D&trackingId=oCSAr3R%2Foszrhiybcb7skA%3D%3D&trk=flagship3_search_srp_jobs,"Montenegro, Rio Grande do Sul, Brasil (Presencial)",Arauco,LinkedIn,2025-10-10 21:21:36.589502,2025-10-24 21:22:39.789068,corporativo
Analista Gestão de Pessoas Sr.,https://www.linkedin.com/jobs/view/4318275451/?eBP=NON_CHARGEABLE_CHANNEL&refId=o82L6IsdEuJrFwwVot5l0Q%3D%3D&trackingId=wGV51Vb2O8acyuwZaCykzA%3D%3D&trk=flagship3_search_srp_jobs,"Três Lagoas, Mato Grosso do Sul, Brasil (Presencial)",Arauco,LinkedIn,2025-10-22 21:21:36.589502,2025-10-24 21:22:40.282676,corporativo
Analista Planejamento,https://www.linkedin.com/jobs/view/4309683492/?eBP=NON_CHARGEABLE_CHANNEL&refId=o82L6IsdEuJrFwwVot5l0Q%3D%3D&trackingId=%2FYN4xae9Hx6tsSfMAFrvQw%3D%3D&trk=flagship3_search_srp_jobs,"Inocência, Mato Grosso do Sul, Brasil (Presencial)",Arauco,LinkedIn,2025-10-03 21:21:36.589502,2025-10-24 21:22:40.816137,corporativo
Líder Florestal II,https://www.linkedin.com/jobs/view/4317873477/?eBP=NON_CHARGEABLE_CHANNEL&refId=o82L6IsdEuJrFwwVot5l0Q%3D%3D&trackingId=D7JoNwQOVGHdseFh3mN4DQ%3D%3D&trk=flagship3_search_srp_jobs,"Inocência, Mato Grosso do Sul, Brasil (Presencial)",Arauco,LinkedIn,2025-10-21 21:21:36.589502,2025-10-24 21:22:41.516621,florestal
Coordenador de Suprimentos – Suporte a Compras,https://www.linkedin.com/jobs/view/4317322788/?eBP=NON_CHARGEABLE_CHANNEL&refId=o82L6IsdEuJrFwwVot5l0Q%3D%3D&trackingId=XUAgdvFBWKaNjLlsdUctHA%3D%3D&trk=flagship3_search_srp_jobs,"São Paulo, Brasil (Presencial)",Arauco,LinkedIn,2025-10-20 21:21:36.589502,2025-10-24 21:22:42.148753,corporativo
Consultor(a) Laboratório,https://www.linkedin.com/jobs/view/4316307541/?eBP=NON_CHARGEABLE_CHANNEL&refId=o82L6IsdEuJrFwwVot5l0Q%3D%3D&trackingId=8eQsyL33QR%2BJ21hHxCFZ9Q%3D%3D&trk=flagship3_search_srp_jobs,"Inocência, Mato Grosso do Sul, Brasil (Presencial)",Arauco,LinkedIn,2025-10-17 21:21:36.589502,2025-10-24 21:22:42.634013,corporativo
Supervisor Florestal - Silvicultura,https://www.linkedin.com/jobs/view/4316321113/?eBP=NON_CHARGEABLE_CHANNEL&refId=o82L6IsdEuJrFwwVot5l0Q%3D%3D&trackingId=vHRf%2FrnIPRO%2FGlGtHAmFZg%3D%3D&trk=flagship3_search_srp_jobs,"Três Lagoas, Mato Grosso do Sul, Brasil (Presencial)",Arauco,LinkedIn,2025-10-17 21:21:36.589502,2025-10-24 21:22:43.358805,florestal
Assistente de Manutenção (Lavagem e borracharia),https://www.linkedin.com/jobs/view/4331322598/?eBP=NON_CHARGEABLE_CHANNEL&refId=o82L6IsdEuJrFwwVot5l0Q%3D%3D&trackingId=f3JGutWGazTMxf4L%2BtdiQw%3D%3D&trk=flagship3_search_srp_jobs,"Inocência, Mato Grosso do Sul, Brasil (Presencial)",Arauco,LinkedIn,2025-10-24 21:21:36.589502,2025-10-24 21:22:43.795423,industrial
Supervisor (a) Manejo de Plantas Daninhas,https://www.linkedin.com/jobs/view/4314189152/?eBP=NON_CHARGEABLE_CHANNEL&refId=o82L6IsdEuJrFwwVot5l0Q%3D%3D&trackingId=nxzHZ1nKplG3zCm74m%2Bc9g%3D%3D&trk=flagship3_search_srp_jobs,"Três Lagoas, Mato Grosso do Sul, Brasil (Presencial)",Arauco,LinkedIn,2025-10-17 21:21:36.589502,2025-10-24 21:22:44.683898,florestal
Especialista em Fitossanidade,https://www.linkedin.com/jobs/view/4308986143/?eBP=NON_CHARGEABLE_CHANNEL&refId=o82L6IsdEuJrFwwVot5l0Q%3D%3D&trackingId=F4Kj6esxowmgglsi7iVwjg%3D%3D&trk=flagship3_search_srp_jobs,"Três Lagoas, Mato Grosso do Sul, Brasil (Presencial)",Arauco,LinkedIn,2025-10-03 21:21:36.589502,2025-10-24 21:22:45.454287,florestal
Vaga Afirmativa para Pessoas com Deficiência - Jaguriaíva/PR,https://www.linkedin.com/jobs/view/4269585824/?eBP=NON_CHARGEABLE_CHANNEL&refId=o82L6IsdEuJrFwwVot5l0Q%3D%3D&trackingId=SCocUJ39T%2F2jf29U555cuQ%3D%3D&trk=flagship3_search_srp_jobs,"Jaguariaíva, Paraná, Brasil (Presencial)",Arauco,LinkedIn,2025-10-10 21:21:36.589502,2025-10-24 21:22:46.090999,corporativo
Especialista em custos,https://www.linkedin.com/jobs/view/4315821339/?eBP=NON_CHARGEABLE_CHANNEL&refId=o82L6IsdEuJrFwwVot5l0Q%3D%3D&trackingId=%2FdclqhFzzT60wgQNDLxrRA%3D%3D&trk=flagship3_search_srp_jobs,"Três Lagoas, Mato Grosso do Sul, Brasil (Presencial)",Arauco,LinkedIn,2025-10-17 21:21:36.589502,2025-10-24 21:22:46.782285,corporativo
Supervisor (a) De Manutenção Mecânica,https://www.linkedin.com/jobs/view/4314186189/?eBP=NON_CHARGEABLE_CHANNEL&refId=o82L6IsdEuJrFwwVot5l0Q%3D%3D&trackingId=6nPDkI1h%2BNR%2Fo7I4yhwsxA%3D%3D&trk=flagship3_search_srp_jobs,"Paranaíba, Mato Grosso do Sul, Brasil (Presencial)",Arauco,LinkedIn,2025-10-17 21:21:36.589502,2025-10-24 21:22:47.353651,industrial
Analista de Manutenção Mecânica PL,https://www.linkedin.com/jobs/view/4315856842/?eBP=NON_CHARGEABLE_CHANNEL&refId=o82L6IsdEuJrFwwVot5l0Q%3D%3D&trackingId=4we46QDKPzVpqH6AHFj22g%3D%3D&trk=flagship3_search_srp_jobs,"Chapadão do Sul, Mato Grosso do Sul, Brasil (Presencial)",Arauco,LinkedIn,2025-10-17 21:21:36.589502,2025-10-24 21:22:48.019987,industrial
Advogada(o) Sênior – Contratos,https://www.linkedin.com/jobs/view/4314660864/?eBP=NON_CHARGEABLE_CHANNEL&refId=o82L6IsdEuJrFwwVot5l0Q%3D%3D&trackingId=d24Oa32zrHLhu5dLxLd%2FeQ%3D%3D&trk=flagship3_search_srp_jobs,"Inocência, Mato Grosso do Sul, Brasil (Presencial)",Arauco,LinkedIn,2025-10-17 21:21:36.589502,2025-10-24 21:22:48.606595,corporativo
BANCO DE TALENTOS - Mulheres na Operação e Manutenção,https://www.linkedin.com/jobs/view/4314397950/?eBP=NON_CHARGEABLE_CHANNEL&refId=562RVTRcWWdRW52XOFffng%3D%3D&trackingId=UzWB8l%2FNZZgrtVWtc5lbJg%3D%3D&trk=flagship3_search_srp_jobs,"Camaçari, Bahia, Brasil (Presencial)",Bracell,LinkedIn,2025-10-24 21:23:39.782496,2025-10-24 21:23:39.782496,corporativo
Auxiliar Pesquisa Viveiro (Irrigação),https://www.linkedin.com/jobs/view/4317232382/?eBP=NON_CHARGEABLE_CHANNEL&refId=562RVTRcWWdRW52XOFffng%3D%3D&trackingId=IhyqkX3cYmDN2WB%2BYfNtiA%3D%3D&trk=flagship3_search_srp_jobs,"Lençóis Paulista, São Paulo, Brasil (Presencial)",Bracell,LinkedIn,2025-10-24 21:21:36.589502,2025-10-24 21:23:40.186018,florestal
Assistente Administrativo,https://www.linkedin.com/jobs/view/4314385697/?eBP=NON_CHARGEABLE_CHANNEL&refId=562RVTRcWWdRW52XOFffng%3D%3D&trackingId=VGFjSc%2BQboLTY7szjQf%2BQg%3D%3D&trk=flagship3_search_srp_jobs,"Bataguassu, Mato Grosso do Sul, Brasil (Presencial)",Bracell,LinkedIn,2025-10-20 21:21:36.589502,2025-10-24 21:23:40.722247,corporativo
Assistente Administrativo - Almoxarifado,https://www.linkedin.com/jobs/view/4315950260/?eBP=NON_CHARGEABLE_CHANNEL&refId=562RVTRcWWdRW52XOFffng%3D%3D&trackingId=QtO1fXlm4GE4qqc%2FKaeltw%3D%3D&trk=flagship3_search_srp_jobs,"Lençóis Paulista, São Paulo, Brasil (Presencial)",Bracell,LinkedIn,2025-10-22 21:21:36.589502,2025-10-24 21:23:41.374109,corporativo
BANCO DE TALENTOS,https://www.linkedin.com/jobs/view/4254890526/?eBP=NON_CHARGEABLE_CHANNEL&refId=562RVTRcWWdRW52XOFffng%3D%3D&trackingId=UYRHkCApoe3C4LM3OnFeZg%3D%3D&trk=flagship3_search_srp_jobs,"Alagoinhas, Bahia, Brasil (Presencial)",Bracell,LinkedIn,2025-10-17 21:21:36.589502,2025-10-24 21:23:41.862484,corporativo
Analista Fiscal Junior,https://www.linkedin.com/jobs/view/4331187431/?eBP=NON_CHARGEABLE_CHANNEL&refId=562RVTRcWWdRW52XOFffng%3D%3D&trackingId=zm8k16agz1%2BxA7QFwWK0Jw%3D%3D&trk=flagship3_search_srp_jobs,"Campinas, São Paulo, Brasil (Presencial)",Bracell,LinkedIn,2025-10-24 21:21:36.589502,2025-10-24 21:23:42.443395,corporativo
AN GEOPROCESSAMENTO I,https://www.linkedin.com/jobs/view/4317201590/?eBP=NON_CHARGEABLE_CHANNEL&refId=562RVTRcWWdRW52XOFffng%3D%3D&trackingId=GNzNx7j%2B3hslFkpoByefvw%3D%3D&trk=flagship3_search_srp_jobs,"Bataguassu, Mato Grosso do Sul, Brasil (Presencial)",Bracell,LinkedIn,2025-10-24 21:21:36.589502,2025-10-24 21:23:42.921213,corporativo
BANCO DE TALENTOS - Pessoa com Deficiência,https://www.linkedin.com/jobs/view/4314919330/?eBP=NON_CHARGEABLE_CHANNEL&refId=562RVTRcWWdRW52XOFffng%3D%3D&trackingId=%2F1rUgk0HdT01UxAhIbbKKA%3D%3D&trk=flagship3_search_srp_jobs,"Camaçari, Bahia, Brasil (Presencial)",Bracell,LinkedIn,2025-10-20 21:21:36.589502,2025-10-24 21:23:43.435063,corporativo
BANCO DE TALENTOS - Pessoa com Deficiência,https://www.linkedin.com/jobs/view/4314913756/?eBP=NON_CHARGEABLE_CHANNEL&refId=562RVTRcWWdRW52XOFffng%3D%3D&trackingId=ANVjzLRiXCfRg0KskRi1Jw%3D%3D&trk=flagship3_search_srp_jobs,"Alagoinhas, Bahia, Brasil (Presencial)",Bracell,LinkedIn,2025-10-20 21:21:36.589502,2025-10-24 21:23:43.847850,corporativo
Analista de RH Junior,https://www.linkedin.com/jobs/view/4319018213/?eBP=NON_CHARGEABLE_CHANNEL&refId=562RVTRcWWdRW52XOFffng%3D%3D&trackingId=AyU0lXaPPyh6mn0pHKhnqA%3D%3D&trk=flagship3_search_srp_jobs,"Campinas, São Paulo, Brasil (Presencial)",Bracell,LinkedIn,2025-10-23 21:21:36.589502,2025-10-24 21:23:44.616129,corporativo
Auxiliar Manutenção de Viveiro,https://www.linkedin.com/jobs/view/4313046869/?eBP=NON_CHARGEABLE_CHANNEL&refId=562RVTRcWWdRW52XOFffng%3D%3D&trackingId=4LRzU3YiCK1muTfTzESIdw%3D%3D&trk=flagship3_search_srp_jobs,"Lençóis Paulista, São Paulo, Brasil (Presencial)",Bracell,LinkedIn,2025-10-17 21:21:36.589502,2025-10-24 21:23:45.102333,florestal
Assistente de contabilidade,https://www.linkedin.com/jobs/view/4319016119/?eBP=NON_CHARGEABLE_CHANNEL&refId=562RVTRcWWdRW52XOFffng%3D%3D&trackingId=WBZVjpFwNvulryTwx5r5lg%3D%3D&trk=flagship3_search_srp_jobs,"Campinas, São Paulo, Brasil (Presencial)",Bracell,LinkedIn,2025-10-23 21:21:36.589502,2025-10-24 21:23:45.841577,corporativo
Analista de Talent Acquisition Pleno | RH | Porta de Entrada,https://www.linkedin.com/jobs/view/4317242225/?eBP=NON_CHARGEABLE_CHANNEL&refId=562RVTRcWWdRW52XOFffng%3D%3D&trackingId=RSSPmGxlklR52a1GxCXa0w%3D%3D&trk=flagship3_search_srp_jobs,"Lençóis Paulista, São Paulo, Brasil (Presencial)",Bracell,LinkedIn,2025-10-24 21:21:36.589502,2025-10-24 21:23:46.366589,corporativo
Analista de Dados Pleno,https://www.linkedin.com/jobs/view/4311139672/?eBP=NON_CHARGEABLE_CHANNEL&refId=562RVTRcWWdRW52XOFffng%3D%3D&trackingId=exO6x9JKA9oamkbbNVkY8g%3D%3D&trk=flagship3_search_srp_jobs,"Campinas, São Paulo, Brasil (Presencial)",Bracell,LinkedIn,2025-10-10 21:21:36.589502,2025-10-24 21:23:46.778033,corporativo
Analista de Operações de RH,https://www.linkedin.com/jobs/view/4288383758/?eBP=NON_CHARGEABLE_CHANNEL&refId=562RVTRcWWdRW52XOFffng%3D%3D&trackingId=7EY9Ur9nOCwbiRW2%2FpJQjw%3D%3D&trk=flagship3_search_srp_jobs,"Campinas, São Paulo, Brasil (Presencial)",Bracell,LinkedIn,2025-10-03 21:21:36.589502,2025-10-24 21:23:47.358329,corporativo
Analista Logística II - Supply Chain,https://www.linkedin.com/jobs/view/4316271266/?eBP=NON_CHARGEABLE_CHANNEL&refId=562RVTRcWWdRW52XOFffng%3D%3D&trackingId=HP%2BBtBa%2BGRm2idQf386oOg%3D%3D&trk=flagship3_search_srp_jobs,"Lençóis Paulista, São Paulo, Brasil (Presencial)",Bracell,LinkedIn,2025-10-23 21:21:36.589502,2025-10-24 21:23:47.805425,corporativo
Operador(a) Balança de Insumos,https://www.linkedin.com/jobs/view/4314398944/?eBP=NON_CHARGEABLE_CHANNEL&refId=562RVTRcWWdRW52XOFffng%3D%3D&trackingId=w8vxeTJU7Gw3rokeU7ko0A%3D%3D&trk=flagship3_search_srp_jobs,"Lençóis Paulista, São Paulo, Brasil (Presencial)",Bracell,LinkedIn,2025-10-20 21:21:36.589502,2025-10-24 21:23:48.508636,industrial
Técnico(a) Viveiro Florestal - Junior,https://www.linkedin.com/jobs/view/4316273213/?eBP=NON_CHARGEABLE_CHANNEL&refId=562RVTRcWWdRW52XOFffng%3D%3D&trackingId=bOU%2FLtPmkvPG5kRLIbfaWQ%3D%3D&trk=flagship3_search_srp_jobs,"Avaí, São Paulo, Brasil (Presencial)",Bracell,LinkedIn,2025-10-23 21:21:36.589502,2025-10-24 21:23:49.052405,florestal
Cadastro Inclusivo de Talentos - PCD | Mato Grosso do Sul,https://www.linkedin.com/jobs/view/4258099242/?eBP=NON_CHARGEABLE_CHANNEL&refId=562RVTRcWWdRW52XOFffng%3D%3D&trackingId=J1PCWYFOG2h4UlOwg%2B4n%2Bw%3D%3D&trk=flagship3_search_srp_jobs,"Mato Grosso do Sul, Brasil (Presencial)",Bracell,LinkedIn,2025-10-17 21:21:36.589502,2025-10-24 21:23:49.795677,corporativo
AN MANUTENCAO AUTOMOTIVA I,https://www.linkedin.com/jobs/view/4317245152/?eBP=NON_CHARGEABLE_CHANNEL&refId=562RVTRcWWdRW52XOFffng%3D%3D&trackingId=3fzbIgv39j9G%2FzcHmetnNg%3D%3D&trk=flagship3_search_srp_jobs,"Lençóis Paulista, São Paulo, Brasil (Presencial)",Bracell,LinkedIn,2025-10-24 21:21:36.589502,2025-10-24 21:23:50.328863,industrial
Analista de Infraestrutura Pleno - Servidores,https://www.linkedin.com/jobs/view/4314159948/?eBP=NON_CHARGEABLE_CHANNEL&refId=562RVTRcWWdRW52XOFffng%3D%3D&trackingId=Cjy%2FfVk5XXb0zbsZJMML4w%3D%3D&trk=flagship3_search_srp_jobs,"Campinas, São Paulo, Brasil (Presencial)",Bracell,LinkedIn,2025-10-17 21:21:36.589502,2025-10-24 21:23:50.977261,corporativo
Executivo(a) Campo Sênior - Supervisor(a) Merchandising,https://www.linkedin.com/jobs/view/4314912744/?eBP=NON_CHARGEABLE_CHANNEL&refId=562RVTRcWWdRW52XOFffng%3D%3D&trackingId=%2Bd%2B5U2NLUCtxyeHOuWBydA%3D%3D&trk=flagship3_search_srp_jobs,"Campinas, São Paulo, Brasil (Presencial)",Bracell,LinkedIn,2025-10-20 21:21:36.589502,2025-10-24 21:23:51.426939,corporativo
Analista Contábil,https://www.linkedin.com/jobs/view/4310464556/?eBP=NON_CHARGEABLE_CHANNEL&refId=562RVTRcWWdRW52XOFffng%3D%3D&trackingId=bEVhSlV4B3vzvB8s3MVqyA%3D%3D&trk=flagship3_search_srp_jobs,"Campinas, São Paulo, Brasil (Presencial)",Bracell,LinkedIn,2025-10-03 21:21:36.589502,2025-10-24 21:23:52.120660,corporativo
Analista de Folha de Pagamento Pleno,https://www.linkedin.com/jobs/view/4319007806/?eBP=NON_CHARGEABLE_CHANNEL&refId=562RVTRcWWdRW52XOFffng%3D%3D&trackingId=Mm0T%2Fn6ipm7EfhBSyiVTow%3D%3D&trk=flagship3_search_srp_jobs,"Campinas, São Paulo, Brasil (Presencial)",Bracell,LinkedIn,2025-10-23 21:21:36.589502,2025-10-24 21:23:52.587963,corporativo
Especialista em compras,https://www.linkedin.com/jobs/view/4311104811/?eBP=NON_CHARGEABLE_CHANNEL&refId=562RVTRcWWdRW52XOFffng%3D%3D&trackingId=OZyf6VLLbeJzmx8WkOl2Bw%3D%3D&trk=flagship3_search_srp_jobs,"Lençóis Paulista, São Paulo, Brasil (Presencial)",Bracell,LinkedIn,2025-10-10 21:21:36.589502,2025-10-24 21:23:53.274287,corporativo
Analista de Folha de Pagamento Sênior,https://www.linkedin.com/jobs/view/4314187523/?eBP=NON_CHARGEABLE_CHANNEL&refId=Z39Tvd8h7ABH5m718CUNXg%3D%3D&trackingId=phG1kRuPAjSOnYI%2BYBBD7w%3D%3D&trk=flagship3_search_srp_jobs,"Campinas, São Paulo, Brasil (Presencial)",Bracell,LinkedIn,2025-10-17 21:21:36.589502,2025-10-24 21:24:05.742094,corporativo
Analista de Controladoria JR,https://www.linkedin.com/jobs/view/4311158813/?eBP=NON_CHARGEABLE_CHANNEL&refId=Z39Tvd8h7ABH5m718CUNXg%3D%3D&trackingId=QFLtxr3KNyegQk9JbTVCAw%3D%3D&trk=flagship3_search_srp_jobs,"Feira de Santana, Bahia, Brasil (Presencial)",Bracell,LinkedIn,2025-10-10 21:21:36.589502,2025-10-24 21:24:06.277088,corporativo
Analista de Segurança da Informação Sênior,https://www.linkedin.com/jobs/view/4314830142/?eBP=NON_CHARGEABLE_CHANNEL&refId=Z39Tvd8h7ABH5m718CUNXg%3D%3D&trackingId=GKtZtktJDN8MV%2FQb%2B9PWrw%3D%3D&trk=flagship3_search_srp_jobs,"Campinas, São Paulo, Brasil (Presencial)",Bracell,LinkedIn,2025-10-17 21:21:36.589502,2025-10-24 21:24:06.940737,corporativo
Coordenador(a) de Planejamento de Manutenção,https://www.linkedin.com/jobs/view/4315943351/?eBP=NON_CHARGEABLE_CHANNEL&refId=Z39Tvd8h7ABH5m718CUNXg%3D%3D&trackingId=GNEcoWb%2F0%2BrudS9N5Pxlkw%3D%3D&trk=flagship3_search_srp_jobs,"Camaçari, Bahia, Brasil (Presencial)",Bracell,LinkedIn,2025-10-22 21:21:36.589502,2025-10-24 21:24:07.545049,industrial
Banco de Talentos CMPC - Piraí do Sul/Pr,https://www.linkedin.com/jobs/view/4301775682/?eBP=NON_CHARGEABLE_CHANNEL&refId=qGzjciEt8eUH3gVBw5buRg%3D%3D&trackingId=Qwm0EULjnVWOF4DeYimzQA%3D%3D&trk=flagship3_search_srp_jobs,"Piraí do Sul, Paraná, Brasil (Presencial)",CMPC,LinkedIn,2025-10-10 21:21:36.589502,2025-10-24 21:24:54.214482,corporativo
Operador(a) Utilidades I,https://www.linkedin.com/jobs/view/4317398745/?eBP=NON_CHARGEABLE_CHANNEL&refId=qGzjciEt8eUH3gVBw5buRg%3D%3D&trackingId=LfUJZnesLowCADku5AQnAQ%3D%3D&trk=flagship3_search_srp_jobs,"São José dos Pinhais, Paraná, Brasil (Presencial)",CMPC,LinkedIn,2025-10-20 21:21:36.589502,2025-10-24 21:24:54.874897,industrial
APRENDIZ,https://www.linkedin.com/jobs/view/4312593069/?eBP=NON_CHARGEABLE_CHANNEL&refId=qGzjciEt8eUH3gVBw5buRg%3D%3D&trackingId=OW2c%2Ba7eerZr7s5ZXwjatw%3D%3D&trk=flagship3_search_srp_jobs,"Campos Novos, Santa Catarina, Brasil (Presencial)",CMPC,LinkedIn,2025-10-10 21:21:36.589502,2025-10-24 21:24:55.221309,corporativo
Pesquisador II - Especialista em Produção de Papel,https://www.linkedin.com/jobs/view/4317319082/?eBP=NON_CHARGEABLE_CHANNEL&refId=qGzjciEt8eUH3gVBw5buRg%3D%3D&trackingId=zR9b5YSOxz4OVOxevNiu4Q%3D%3D&trk=flagship3_search_srp_jobs,"Guaíba, Rio Grande do Sul, Brasil (Presencial)",CMPC,LinkedIn,2025-10-20 21:21:36.589502,2025-10-24 21:24:55.815028,industrial
Analista de Segurança do Trabalho Florestal PL - Regional Encruzilhada do Sul/RS,https://www.linkedin.com/jobs/view/4315391174/?eBP=NON_CHARGEABLE_CHANNEL&refId=qGzjciEt8eUH3gVBw5buRg%3D%3D&trackingId=shrKQz4sOxn9hHI7vPxhpw%3D%3D&trk=flagship3_search_srp_jobs,"Guaíba, Rio Grande do Sul, Brasil (Presencial)",CMPC,LinkedIn,2025-10-17 21:21:36.589502,2025-10-24 21:24:56.286801,florestal
Coordenador de Manutenção EIA,https://www.linkedin.com/jobs/view/4315895984/?eBP=NON_CHARGEABLE_CHANNEL&refId=qGzjciEt8eUH3gVBw5buRg%3D%3D&trackingId=HrRBKKL4SAEshWYWua0jjg%3D%3D&trk=flagship3_search_srp_jobs,"Piraí do Sul, Paraná, Brasil (Presencial)",CMPC,LinkedIn,2025-10-17 21:21:36.589502,2025-10-24 21:24:56.863449,industrial
Coordenador de produção - Caustificação e Forno de cal,https://www.linkedin.com/jobs/view/4319091294/?eBP=NON_CHARGEABLE_CHANNEL&refId=qGzjciEt8eUH3gVBw5buRg%3D%3D&trackingId=eNtBKMdCNLDdO0wS45tTQg%3D%3D&trk=flagship3_search_srp_jobs,"Guaíba, Rio Grande do Sul, Brasil (Presencial)",CMPC,LinkedIn,2025-10-23 21:21:36.589502,2025-10-24 21:24:57.349740,industrial
"Lead, Indigenous Engagement",https://averis.wd3.myworkdayjobs.com/pt-BR/RGE/job/Calgary/Lead--Indigenous-Engagement_R190101,Calgary,Bracell,Site Próprio,2025-10-24 21:26:00.346820,2025-10-24 21:26:00.346820,corporativo
Auxiliar Pesquisa Viveiro (Irrigação),https://averis.wd3.myworkdayjobs.com/pt-BR/RGE/job/Lencois-Paulista/Auxiliar-Pesquisa-Viveiro--Irrigao-_R189657-1,Lencois Paulista,Bracell,Site Próprio,2025-10-24 21:26:00.447702,2025-10-24 21:26:00.447702,florestal
AN MANUTENCAO AUTOMOTIVA I,https://averis.wd3.myworkdayjobs.com/pt-BR/RGE/job/Lencois-Paulista/AN-MANUTENCAO-AUTOMOTIVA-I_R188857,Lencois Paulista,Bracell,Site Próprio,2025-10-24 21:26:00.546511,2025-10-24 21:26:00.546511,industrial
Analista de Talent Acquisition Pleno | RH | Porta de Entrada,https://averis.wd3.myworkdayjobs.com/pt-BR/RGE/job/Lencois-Paulista/Analista-de-Talent-Acquisition-Pleno---RH---Porta-de-Entrada_R189257,Lencois Paulista,Bracell,Site Próprio,2025-10-24 21:26:00.652320,2025-10-24 21:26:00.652320,corporativo
Assistente de Contabilidade,https://averis.wd3.myworkdayjobs.com/pt-BR/RGE/job/Campinas/Assistente-de-Contabilidade_R189749,Campinas,Bracell,Site Próprio,2025-10-24 21:26:00.751521,2025-10-24 21:26:00.751521,corporativo
Analista de Dados Pleno,https://averis.wd3.myworkdayjobs.com/pt-BR/RGE/job/Campinas/Analista-de-Dados-Pleno_R188859,Campinas,Bracell,Site Próprio,2025-10-24 21:26:00.827472,2025-10-24 21:26:00.827472,corporativo
Analista Fiscal Junior,https://averis.wd3.myworkdayjobs.com/pt-BR/RGE/job/Campinas/Analista-Fiscal-Snior_R169911,Campinas,Bracell,Site Próprio,2025-10-24 21:26:00.895804,2025-10-24 21:26:00.895804,corporativo
Analista Fiscal Junior,https://averis.wd3.myworkdayjobs.com/pt-BR/RGE/job/Campinas/Analista-Fiscal-Pleno_R187615,Campinas,Bracell,Site Próprio,2025-10-24 21:26:00.971100,2025-10-24 21:26:00.971100,corporativo
AN GEOPROCESSAMENTO I,https://averis.wd3.myworkdayjobs.com/pt-BR/RGE/job/Bataguassu/AN-GEOPROCESSAMENTO-I_R189089,Bataguassu,Bracell,Site Próprio,2025-10-24 21:26:01.049982,2025-10-24 21:26:01.049982,corporativo
Product Manager,https://averis.wd3.myworkdayjobs.com/pt-BR/RGE/job/Kuala-Lumpur/Product-Manager_R189047,Kuala Lumpur,Bracell,Site Próprio,2025-10-24 21:26:01.120499,2025-10-24 21:26:01.120499,corporativo
Sales Executive,https://averis.wd3.myworkdayjobs.com/pt-BR/RGE/job/Kelantan/Sales-Executive_R189904,Kelantan,Bracell,Site Próprio,2025-10-24 21:26:01.196892,2025-10-24 21:26:01.196892,corporativo
Operador(a) Balança de Insumos,https://averis.wd3.myworkdayjobs.com/pt-BR/RGE/job/Lencois-Paulista/OP-BALANCA-INSUMOS_R189085,Lencois Paulista,Bracell,Site Próprio,2025-10-23 21:26:01.394395,2025-10-24 21:26:01.394395,industrial
Analista Logística II - Supply Chain,https://averis.wd3.myworkdayjobs.com/pt-BR/RGE/job/Lencois-Paulista/AN-LOGISTICA-II_R189639-1,Lencois Paulista,Bracell,Site Próprio,2025-10-23 21:26:01.601355,2025-10-24 21:26:01.601355,corporativo
Técnico(a) Viveiro Florestal - Junior,https://averis.wd3.myworkdayjobs.com/pt-BR/RGE/job/Ava/TEC-VIVEIRO-FLORESTAL-I_R189638,Avaí,Bracell,Site Próprio,2025-10-23 21:26:01.680319,2025-10-24 21:26:01.680319,florestal
Analista de Folha de Pagamento Pleno,https://averis.wd3.myworkdayjobs.com/pt-BR/RGE/job/Campinas/Analista-de-Folha-de-Pagamento-Pleno_R189885,Campinas,Bracell,Site Próprio,2025-10-23 21:26:01.763768,2025-10-24 21:26:01.763768,corporativo
CLP Executive,https://averis.wd3.myworkdayjobs.com/pt-BR/RGE/job/Singapore/CLP-Executive_R190023,Singapore,Bracell,Site Próprio,2025-10-23 21:26:01.870972,2025-10-24 21:26:01.870972,corporativo
"Engineer,C&I | 热控工程师",https://averis.wd3.myworkdayjobs.com/pt-BR/RGE/job/Yang-Jiang/Engineer-C-I---_R189825,Yang Jiang,Bracell,Site Próprio,2025-10-23 21:26:01.979049,2025-10-24 21:26:01.979049,industrial
Secretary | 秘书,https://averis.wd3.myworkdayjobs.com/pt-BR/RGE/job/Yang-Jiang/Secretary---_R189823,Yang Jiang,Bracell,Site Próprio,2025-10-23 21:26:02.101382,2025-10-24 21:26:02.101382,corporativo
Assistant Brand Manager,https://averis.wd3.myworkdayjobs.com/pt-BR/RGE/job/Singapore/Assistant-Brand-Manager_R189747,Singapore,Bracell,Site Próprio,2025-10-23 21:26:02.174480,2025-10-24 21:26:02.174480,corporativo
"Operator, Converting",https://averis.wd3.myworkdayjobs.com/pt-BR/RGE/job/Jiangxi/Operator--Converting_R184332,Jiangxi,Bracell,Site Próprio,2025-10-23 21:26:02.255689,2025-10-24 21:26:02.255689,industrial
Nombre del cargo - copy - copy,https://cmpc.csod.com/ux/ats/careersite/4/home/requisition/16707?c=cmpc,Chile,CMPC,Site Próprio,2025-10-24 00:00:00,2025-10-24 21:31:00.301096,corporativo
Coordinador/a de Supply Chain - Perú,https://cmpc.csod.com/ux/ats/careersite/4/home/requisition/16650?c=cmpc,"Lima, Los Olivos, Peru",CMPC,Site Próprio,2025-10-24 00:00:00,2025-10-24 21:31:00.370753,corporativo
Practicante Profesional de Excelencia Operacional,https://cmpc.csod.com/ux/ats/careersite/4/home/requisition/16719?c=cmpc,Peru,CMPC,Site Próprio,2025-10-23 00:00:00,2025-10-24 21:31:00.426510,industrial
Prevencionista de Riesgos - Puente Alto,https://cmpc.csod.com/ux/ats/careersite/4/home/requisition/16617?c=cmpc,"Puente Alto, REGION METROPOLITANA, Chile",CMPC,Site Próprio,2025-10-23 00:00:00,2025-10-24 21:31:00.476441,corporativo
Encargado/a Prevención de Riesgos - Puente Alto,https://cmpc.csod.com/ux/ats/careersite/4/home/requisition/16489?c=cmpc,"Puente Alto, REGION METROPOLITANA, Chile",CMPC,Site Próprio,2025-10-23 00:00:00,2025-10-24 21:31:00.584221,corporativo
Ayudante Mecánico - Puente Alto,https://cmpc.csod.com/ux/ats/careersite/4/home/requisition/16345?c=cmpc,"Puente Alto, Chile",CMPC,Site Próprio,2025-10-23 00:00:00,2025-10-24 21:31:00.721027,industrial
Nombre del cargo,https://cmpc.csod.com/ux/ats/careersite/4/home/requisition/16661?c=cmpc,"Los Angeles, REGION DEL BIOBIO, Chile",CMPC,Site Próprio,2025-10-22 00:00:00,2025-10-24 21:31:00.783237,corporativo
AUXILIAR EVENTUAL,https://cmpc.csod.com/ux/ats/careersite/4/home/requisition/16573?c=cmpc,"Til Til, REGIÓN METROPOLITANA, Chile",CMPC,Site Próprio,2025-10-22 00:00:00,2025-10-24 21:31:00.874456,corporativo
Supervisor/a de Producción,https://cmpc.csod.com/ux/ats/careersite/4/home/requisition/16402?c=cmpc,"Villa Mininco, REGION DE LA ARAUCANÍA, Chile",CMPC,Site Próprio,2025-10-22 00:00:00,2025-10-24 21:31:00.928718,industrial
Nombre del cargo,https://cmpc.csod.com/ux/ats/careersite/4/home/requisition/16625?c=cmpc,"Quilicura, REGION METROPOLITANA, Chile",CMPC,Site Próprio,2025-10-20 00:00:00,2025-10-24 21:31:00.978707,corporativo
Nombre del cargo,https://cmpc.csod.com/ux/ats/careersite/4/home/requisition/16652?c=cmpc,"Puente Alto, Chile",CMPC,Site Próprio,2025-10-17 00:00:00,2025-10-24 21:31:01.016837,desconhecido
Práctica Reclutamiento y Selección - Holding Los Ángeles,https://cmpc.csod.com/ux/ats/careersite/4/home/requisition/16680?c=cmpc,"Los Ángeles, Región del Bio - Bio, Chile",CMPC,Site Próprio,2025-10-16 00:00:00,2025-10-24 21:31:01.073797,corporativo
Nombre del cargo,https://cmpc.csod.com/ux/ats/careersite/4/home/requisition/16662?c=cmpc,"Til Til, REGIÓN METROPOLITANA, Chile",CMPC,Site Próprio,2025-10-16 00:00:00,2025-10-24 21:31:01.117207,corporativo
ITO Eléctrico,https://cmpc.csod.com/ux/ats/careersite/4/home/requisition/16342?c=cmpc,"Los Angeles, REGION DEL BIOBIO, Chile",CMPC,Site Próprio,2025-10-16 00:00:00,2025-10-24 21:31:01.173769,industrial
Práctica Reclutamiento y Selección - Puente Alto,https://cmpc.csod.com/ux/ats/careersite/4/home/requisition/16648?c=cmpc,"Puente Alto, REGION METROPOLITANA, Chile",CMPC,Site Próprio,2025-10-15 00:00:00,2025-10-24 21:31:01.219014,corporativo
Supervisor/a Almacén de Materia Prima y Producto Terminado - México,https://cmpc.csod.com/ux/ats/careersite/4/home/requisition/16134?c=cmpc,México,CMPC,Site Próprio,2025-10-15 00:00:00,2025-10-24 21:31:01.264634,industrial
Administrativo/a Bodega - Puente Alto,https://cmpc.csod.com/ux/ats/careersite/4/home/requisition/16509?c=cmpc,"Puente Alto, Chile",CMPC,Site Próprio,2025-10-14 00:00:00,2025-10-24 21:31:01.315279,corporativo
"Familia CMPC 2026: ""Mi Primer Papel""",https://cmpc.csod.com/ux/ats/careersite/4/home/requisition/16607?c=cmpc,"Santiago, REGION METROPOLITANA, Chile",CMPC,Site Próprio,2025-10-13 00:00:00,2025-10-24 21:31:01.416715,florestal
"Programa de Prácticas y Memorias 2026: ""Mi Primer Papel""",https://cmpc.csod.com/ux/ats/careersite/4/home/requisition/16606?c=cmpc,"Santiago, REGION METROPOLITANA, Chile",CMPC,Site Próprio,2025-10-13 00:00:00,2025-10-24 21:31:01.478703,corporativo
Práctica - Prevención de Riesgos,https://cmpc.csod.com/ux/ats/careersite/4/home/requisition/16597?c=cmpc,"Quilicura, REGION METROPOLITANA, Chile",CMPC,Site Próprio,2025-10-13 00:00:00,2025-10-24 21:31:01.550806,corporativo
Ingeniero Estudios,https://cmpc.csod.com/ux/ats/careersite/4/home/requisition/15983?c=cmpc,"Santiago, REGION METROPOLITANA, Chile",CMPC,Site Próprio,2025-10-09 00:00:00,2025-10-24 21:31:01.600006,corporativo
Analista senior de costos y gastos,https://cmpc.csod.com/ux/ats/careersite/4/home/requisition/16619?c=cmpc,"ZARATE, BUENOS AIRES, Argentina",CMPC,Site Próprio,2025-10-08 00:00:00,2025-10-24 21:31:01.648421,corporativo
Planificador/a Mecánico - Yerbas Buenas,https://cmpc.csod.com/ux/ats/careersite/4/home/requisition/16417?c=cmpc,"Yerbas Buenas, REGION DEL MAULE, Chile",CMPC,Site Próprio,2025-10-06 00:00:00,2025-10-24 21:31:01.698662,industrial
Eléctrico/a Día - Puente Alto,https://cmpc.csod.com/ux/ats/careersite/4/home/requisition/16449?c=cmpc,"SANTIAGO, SANTIAGO, Chile",CMPC,Site Próprio,2025-10-01 00:00:00,2025-10-24 21:31:01.741318,industrial
Analista de Contabilidad,https://cmpc.csod.com/ux/ats/careersite/4/home/requisition/16530?c=cmpc,"Malvinas Argentinas, Argentina",CMPC,Site Próprio,2025-09-25 00:00:00,2025-10-24 21:31:01.791111,corporativo
